,original_idx,db_id,query,question,HAVING,ORDER BY,GROUP BY,JOIN,SELECT,WHERE,query_token_num,question_token_num
0,11,department_management,SELECT count(*) FROM department WHERE department_id NOT IN (SELECT department_id FROM management);,How many departments are led by heads who are not mentioned?,0,0,0,0,2,1,12,11
1,13,department_management,SELECT T3.born_state FROM department AS T1 JOIN management AS T2 ON T1.department_id  =  T2.department_id JOIN head AS T3 ON T2.head_id  =  T3.head_id WHERE T1.name  =  'Treasury' INTERSECT SELECT T3.born_state FROM department AS T1 JOIN management AS T2 ON T1.department_id  =  T2.department_id JOIN head AS T3 ON T2.head_id  =  T3.head_id WHERE T1.name  =  'Homeland Security',List the states where both the secretary of 'Treasury' department and the secretary of 'Homeland Security' were born.,0,0,0,4,2,2,54,18
2,14,department_management,"SELECT T1.department_id ,  T1.name ,  count(*) FROM management AS T2 JOIN department AS T1 ON T1.department_id  =  T2.department_id GROUP BY T1.department_id HAVING count(*)  >  1","Which department has more than 1 head at a time? List the id, name and the number of heads.",1,0,1,1,1,0,23,19
3,36,farm,"SELECT T1.Official_Name
FROM city AS T1
JOIN farm_competition AS T2 ON T1.City_ID = T2.Host_city_ID
GROUP BY T1.Official_Name, T2.Host_city_ID
HAVING COUNT(*) > 1;",Show the official names of the cities that have hosted more than one competition.,1,0,1,1,1,0,22,14
4,37,farm,"SELECT T1.Official_Name
FROM city AS T1
JOIN farm_competition AS T2 ON T1.City_ID = T2.Host_city_ID
GROUP BY T1.Official_Name, T2.Host_city_ID
HAVING COUNT(*) > 1;",What are the official names of cities that have hosted more than one competition?,1,0,1,1,1,0,22,14
5,81,student_assessment,"SELECT T3.course_name, count(T1.student_id) FROM students AS T1 JOIN student_course_registrations AS T2 ON T1.student_id = T2.student_id JOIN courses AS T3 ON T2.course_id = T3.course_id GROUP BY T3.course_name;",How many registed students do each course have? List course name and the number of their registered students?,0,0,1,2,1,0,26,18
6,82,student_assessment,"SELECT T3.course_name, count(T1.student_id) FROM students AS T1 JOIN student_course_registrations AS T2 ON T1.student_id = T2.student_id JOIN courses AS T3 ON T2.course_id = T3.course_id GROUP BY T3.course_name;","For each course id, how many students are registered and what are the course names?",0,0,1,2,1,0,26,15
7,285,twitter_1,SELECT T1.name FROM user_profiles AS T1 JOIN follows AS T2 ON T1.uid  =  T2.f1 GROUP BY T1.name  HAVING count(*)  >  (SELECT count(*) FROM user_profiles AS T1 JOIN follows AS T2 ON T1.uid  =  T2.f1 WHERE T1.name  =  'Tyler Swift'),"Find the names of the users whose number of followers is greater than that of the user named ""Tyler Swift"".",1,0,1,2,2,1,39,20
8,429,flight_1,SELECT name FROM Employee EXCEPT SELECT T1.name FROM Employee AS T1 JOIN Certificate AS T2 ON T1.eid  =  T2.eid JOIN Aircraft AS T3 ON T3.aid  =  T2.aid WHERE T3.name  =  'Boeing 737-800',Show names for all employees who do not have certificate of Boeing 737-800.,0,0,0,2,2,1,32,13
9,430,flight_1,SELECT name FROM Employee EXCEPT SELECT T1.name FROM Employee AS T1 JOIN Certificate AS T2 ON T1.eid  =  T2.eid JOIN Aircraft AS T3 ON T3.aid  =  T2.aid WHERE T3.name  =  'Boeing 737-800',What are the names of all employees who are not certified to fly Boeing 737-800s?,0,0,0,2,2,1,32,15
10,437,flight_1,SELECT T1.name FROM Employee AS T1 JOIN Certificate AS T2 ON T1.eid  =  T2.eid JOIN Aircraft AS T3 ON T3.aid  =  T2.aid WHERE T3.distance  >  5000 GROUP BY T1.eid ORDER BY count(*) DESC LIMIT 1,What is the salary and name of the employee who has the most number of certificates on aircrafts with distance more than 5000?,0,1,1,2,1,1,35,23
11,438,flight_1,SELECT T1.name FROM Employee AS T1 JOIN Certificate AS T2 ON T1.eid  =  T2.eid JOIN Aircraft AS T3 ON T3.aid  =  T2.aid WHERE T3.distance  >  5000 GROUP BY T1.eid ORDER BY count(*) DESC LIMIT 1,What is the salaray and name of the employee with the most certificates to fly planes more than 5000?,0,1,1,2,1,1,35,19
12,519,allergy_1,"SELECT lname ,  age FROM Student WHERE StuID IN (SELECT StuID FROM Has_allergy WHERE Allergy  =  'Milk' INTERSECT SELECT StuID FROM Has_allergy WHERE Allergy  =  'Cat')",Find the last name and age of the student who has allergy to both milk and cat.,0,0,0,0,3,3,25,17
13,520,allergy_1,"SELECT lname ,  age FROM Student WHERE StuID IN (SELECT StuID FROM Has_allergy WHERE Allergy  =  'Milk' INTERSECT SELECT StuID FROM Has_allergy WHERE Allergy  =  'Cat')",What are the last names and ages of the students who are allergic to milk and cat?,0,0,0,0,3,3,25,17
14,523,allergy_1,"SELECT fname ,  sex FROM Student WHERE StuID IN (SELECT StuID FROM Has_allergy WHERE Allergy  =  'Milk' EXCEPT SELECT StuID FROM Has_allergy WHERE Allergy  =  'Cat')",Find the first name and gender of the student who has allergy to milk but not cat.,0,0,0,0,3,3,25,17
15,524,allergy_1,"SELECT fname ,  sex FROM Student WHERE StuID IN (SELECT StuID FROM Has_allergy WHERE Allergy  =  'Milk' EXCEPT SELECT StuID FROM Has_allergy WHERE Allergy  =  'Cat')",What are the first name and gender of the students who have allergy to milk but can put up with cats?,0,0,0,0,3,3,25,21
16,525,allergy_1,SELECT avg(age) FROM Student WHERE StuID IN ( SELECT T1.StuID FROM Has_allergy AS T1 JOIN Allergy_Type AS T2 ON T1.Allergy  =  T2.Allergy WHERE T2.allergytype  =  'food' INTERSECT SELECT T1.StuID FROM Has_allergy AS T1 JOIN Allergy_Type AS T2 ON T1.Allergy  =  T2.Allergy WHERE T2.allergytype  =  'animal'),Find the average age of the students who have allergies with food and animal types.,0,0,0,2,3,3,45,15
17,526,allergy_1,SELECT avg(age) FROM Student WHERE StuID IN ( SELECT T1.StuID FROM Has_allergy AS T1 JOIN Allergy_Type AS T2 ON T1.Allergy  =  T2.Allergy WHERE T2.allergytype  =  'food' INTERSECT SELECT T1.StuID FROM Has_allergy AS T1 JOIN Allergy_Type AS T2 ON T1.Allergy  =  T2.Allergy WHERE T2.allergytype  =  'animal'),How old are the students with allergies to food and animal types on average?,0,0,0,2,3,3,45,14
18,913,insurance_fnol,SELECT DISTINCT t3.policy_type_code FROM customers AS t1 JOIN customers_policies AS t2 ON t1.customer_id  =  t2.customer_id JOIN available_policies AS t3 ON t2.policy_id  =  t3.policy_id WHERE t1.customer_name  =  (SELECT t1.customer_name FROM customers AS t1 JOIN customers_policies AS t2 ON t1.customer_id  =  t2.customer_id GROUP BY t1.customer_name ORDER BY count(*) DESC LIMIT 1),What are all the policy types of the customer that has the most policies listed?,0,1,1,3,2,1,49,15
19,969,medicine_enzyme_interaction,"SELECT name ,  trade_name FROM medicine EXCEPT SELECT T1.name ,  T1.trade_name FROM medicine AS T1 JOIN medicine_enzyme_interaction AS T2 ON T2.medicine_id  =  T1.id JOIN enzyme AS T3 ON T3.id  =  T2.enzyme_id WHERE T3.product  =  'Protoporphyrinogen IX'",Show the medicine names and trade names that cannot interact with the enzyme with product 'Heme'.,0,0,0,2,2,1,34,16
20,970,medicine_enzyme_interaction,"SELECT name ,  trade_name FROM medicine EXCEPT SELECT T1.name ,  T1.trade_name FROM medicine AS T1 JOIN medicine_enzyme_interaction AS T2 ON T2.medicine_id  =  T1.id JOIN enzyme AS T3 ON T3.id  =  T2.enzyme_id WHERE T3.product  =  'Protoporphyrinogen IX'",What are the medicine and trade names that cannot interact with the enzyme with the product 'Heme'?,0,0,0,2,2,1,34,17
21,1051,phone_1,SELECT t1.pixels FROM screen_mode AS t1 JOIN phone AS t2 ON t1.Graphics_mode  =  t2.screen_mode WHERE t2.Accreditation_type  =  'Provisional' INTERSECT SELECT t1.pixels FROM screen_mode AS t1 JOIN phone AS t2 ON t1.Graphics_mode  =  t2.screen_mode WHERE t2.Accreditation_type  =  'Full',Find the pixels of the screen modes that are used by both phones with full accreditation types and phones with Provisional accreditation types.,0,0,0,2,2,2,37,23
22,1106,match_season,SELECT T1.Country_name FROM country AS T1 JOIN match_season AS T2 ON T1.Country_id  =  T2.Country WHERE T2.Position  =  'Forward' INTERSECT SELECT T1.Country_name FROM country AS T1 JOIN match_season AS T2 ON T1.Country_id  =  T2.Country WHERE T2.Position  =  'Defender',What are the names of countries that have both players with position forward and players with position defender?,0,0,0,2,2,2,37,18
23,1107,match_season,SELECT T1.Country_name FROM country AS T1 JOIN match_season AS T2 ON T1.Country_id  =  T2.Country WHERE T2.Position  =  'Forward' INTERSECT SELECT T1.Country_name FROM country AS T1 JOIN match_season AS T2 ON T1.Country_id  =  T2.Country WHERE T2.Position  =  'Defender',"Return the names of countries that have players that play the Forward position, as well as players who play the Defender position.",0,0,0,2,2,2,37,22
24,1271,apartment_rentals,SELECT T2.apt_number FROM Apartment_Bookings AS T1 JOIN Apartments AS T2 ON T1.apt_id  =  T2.apt_id WHERE T1.booking_status_code  =  'Confirmed' INTERSECT SELECT T2.apt_number FROM Apartment_Bookings AS T1 JOIN Apartments AS T2 ON T1.apt_id  =  T2.apt_id WHERE T1.booking_status_code  =  'Provisional',"Which apartments have bookings with both status codes ""Provisional"" and ""Confirmed""? Give me the apartment numbers.",0,0,0,2,2,2,37,16
25,1272,apartment_rentals,"SELECT T1.apt_number 
FROM Apartments AS T1 JOIN View_Unit_Status AS T2 ON T1.apt_id  =  T2.apt_id 
WHERE T2.available_yn  =  false  
INTERSECT 
SELECT T1.apt_number 
FROM Apartments AS T1 JOIN View_Unit_Status AS T2 ON T1.apt_id  =  T2.apt_id 
WHERE T2.available_yn  =  true",Show the apartment numbers of apartments with unit status availability of both 0 and 1.,0,0,0,2,2,2,37,15
26,1282,game_injury,"SELECT T1.id ,  T1.name FROM stadium AS T1 JOIN game AS T2 ON T1.id  =  T2.stadium_id JOIN injury_accident AS T3 ON T2.id  =  T3.game_id GROUP BY T1.id ORDER BY count(*) DESC LIMIT 1",What are the id and name of the stadium where the most injury accidents happened?,0,1,1,2,1,0,32,15
27,1283,game_injury,"SELECT T1.id ,  T1.name FROM stadium AS T1 JOIN game AS T2 ON T1.id  =  T2.stadium_id JOIN injury_accident AS T3 ON T2.id  =  T3.game_id GROUP BY T1.id ORDER BY count(*) DESC LIMIT 1",Find the id and name of the stadium where the largest number of injury accidents occurred.,0,1,1,2,1,0,32,16
28,1288,game_injury,SELECT T2.name FROM game AS T1 JOIN stadium AS T2 ON T1.stadium_id  =  T2.id JOIN injury_accident AS T3 ON T1.id  =  T3.game_id WHERE T3.player  =  'Walter Samuel' INTERSECT SELECT T2.name FROM game AS T1 JOIN stadium AS T2 ON T1.stadium_id  =  T2.id JOIN injury_accident AS T3 ON T1.id  =  T3.game_id WHERE T3.player  =  'Thiago Motta',List the name of the stadium where both the player 'Walter Samuel' and the player 'Thiago Motta' got injured.,0,0,0,4,2,2,55,19
29,1454,college_2,"SELECT count(DISTINCT T2.id) ,  count(DISTINCT T3.id) ,  T3.dept_name FROM department AS T1 JOIN student AS T2 ON T1.dept_name  =  T2.dept_name JOIN instructor AS T3 ON T1.dept_name  =  T3.dept_name GROUP BY T3.dept_name",Find the total number of students and total number of instructors for each department.,0,0,1,2,1,0,29,14
30,1455,college_2,"SELECT count(DISTINCT T2.id) ,  count(DISTINCT T3.id) ,  T3.dept_name FROM department AS T1 JOIN student AS T2 ON T1.dept_name  =  T2.dept_name JOIN instructor AS T3 ON T1.dept_name  =  T3.dept_name GROUP BY T3.dept_name",How many students and instructors are in each department?,0,0,1,2,1,0,29,9
31,1621,customers_and_invoices,"SELECT T2.product_name ,  count(*) FROM Order_items AS T1 JOIN Products AS T2 ON T1.product_id  =  T2.product_id JOIN Orders AS T3 ON T3.order_id  =  T1.order_id GROUP BY T2.product_name",Show all product names and the number of customers having an order on each product.,0,0,1,2,1,0,26,15
32,1646,wedding,SELECT T4.name FROM wedding AS T1 JOIN people AS T2 ON T1.male_id  =  T2.people_id JOIN people AS T3 ON T1.female_id  =  T3.people_id JOIN church AS T4 ON T4.church_id  =  T1.church_id WHERE T2.age  >  30 OR T3.age  >  30,Show the church names for the weddings of all people older than 30.,0,0,0,3,1,1,38,13
33,1674,theme_gallery,"SELECT T1.theme ,  T2.name FROM exhibition AS T1 JOIN artist AS T2 ON T1.artist_id  =  T2.artist_id WHERE T1.ticket_price  >  (SELECT avg(ticket_price) FROM exhibition)",Return the names of artists and the themes of their exhibitions that had a ticket price higher than average.,0,0,0,1,2,1,22,19
34,1687,theme_gallery,SELECT T3.name FROM exhibition_record AS T1 JOIN exhibition AS T2 ON T1.exhibition_id  =  T2.exhibition_id JOIN artist AS T3 ON T3.artist_id  =  T2.artist_id GROUP BY T3.artist_id HAVING avg(T1.attendance)  >  200,Show all artist names with an average exhibition attendance over 200.,1,0,1,2,1,0,29,11
35,1703,epinions_1,"SELECT T1.title 
FROM item AS T1 JOIN review AS T2 ON T1.i_id  =  T2.i_id 
WHERE T2.rank  >  3 
INTERSECT 
SELECT T1.title 
FROM item AS T1 JOIN review AS T2 ON T1.i_id  =  T2.i_id 
GROUP BY T1.title 
HAVING avg(T2.rating)  >  5",Find the names of items whose rank is higher than 3 and whose average rating is above 5.,1,0,1,2,2,1,40,18
36,1792,small_bank_1,SELECT T1.name FROM accounts AS T1 JOIN checking AS T2 ON T1.custid  =  T2.custid WHERE T2.balance  >  (SELECT avg(balance) FROM checking) INTERSECT SELECT T1.name FROM accounts AS T1 JOIN savings AS T2 ON T1.custid  =  T2.custid WHERE T2.balance  <  (SELECT avg(balance) FROM savings),"Find the names of accounts whose checking balance is above the average checking balance, but savings balance is below the average savings balance.",0,0,0,2,4,2,43,23
37,1794,small_bank_1,SELECT T2.balance FROM accounts AS T1 JOIN checking AS T2 ON T1.custid  =  T2.custid WHERE T1.name IN (SELECT T1.name FROM accounts AS T1 JOIN savings AS T2 ON T1.custid  =  T2.custid WHERE T2.balance  >  (SELECT avg(balance) FROM savings)),Find the checking balance of the accounts whose savings balance is higher than the average savings balance.,0,0,0,2,3,2,38,17
38,1800,small_bank_1,"SELECT T1.name ,  T2.balance + T3.balance FROM accounts AS T1 JOIN checking AS T2 ON T1.custid  =  T2.custid JOIN savings AS T3 ON T1.custid  =  T3.custid WHERE T3.balance  >  (SELECT avg(balance) FROM savings)",Find the names and total checking and savings balances of accounts whose savings balance is higher than the average savings balance.,0,0,0,2,2,1,32,21
39,1818,small_bank_1,"SELECT T2.balance ,  T3.balance ,  T1.name FROM accounts AS T1 JOIN checking AS T2 ON T1.custid  =  T2.custid JOIN savings AS T3 ON T1.custid  =  T3.custid ORDER BY T2.balance + T3.balance DESC","Find the name, checking balance and savings balance of all accounts in the bank sorted by their total checking and savings balance in descending order.",0,1,0,2,1,0,30,25
40,1839,browser_web,SELECT T3.name FROM web_client_accelerator AS T1 JOIN accelerator_compatible_browser AS T2 ON T2.accelerator_id  =  T1.id JOIN browser AS T3 ON T2.browser_id  =  T3.id WHERE T1.name  =  'CACHEbox' INTERSECT SELECT T3.name FROM web_client_accelerator AS T1 JOIN accelerator_compatible_browser AS T2 ON T2.accelerator_id  =  T1.id JOIN browser AS T3 ON T2.browser_id  =  T3.id WHERE T1.name  =  'Fasterfox',List the names of the browser that are compatible with both 'CACHEbox' and 'Fasterfox'.,0,0,0,4,2,2,53,14
41,1906,school_finance,SELECT T2.school_name FROM budget AS T1 JOIN school AS T2 ON T1.school_id  =  T2.school_id JOIN endowment AS T3 ON T2.school_id  =  T3.school_id GROUP BY T2.school_name HAVING sum(T1.budgeted)  >  100 OR sum(T3.amount)  >  10,Show the names of schools with a total budget amount greater than 100 or a total endowment greater than 10.,1,0,1,2,1,0,33,20
42,1908,school_finance,SELECT count(*) FROM (SELECT school_id FROM endowment WHERE amount  >  8.5 GROUP BY school_id HAVING count(*)  >  1) as T,Find the number of schools that have more than one donator whose donation amount is less than 8.5.,1,0,1,0,2,1,20,18
43,1914,protein_institute,SELECT count(*) FROM building WHERE height_feet  >  (SELECT avg(height_feet) FROM building) OR floors  >  (SELECT avg(floors) FROM building),Show the number of buildings with a height above the average or a number of floors above the average.,0,0,0,0,3,1,18,19
44,1991,phone_market,SELECT T2.Name FROM phone_market AS T1 JOIN phone AS T2 ON T1.Phone_ID  =  T2.Phone_ID GROUP BY T2.Name HAVING sum(T1.Num_of_stock)  >=  2000 ORDER BY sum(T1.Num_of_stock) DESC,"Show the names of phones that have total number of stocks bigger than 2000, in descending order of the total number of stocks.",1,1,1,1,1,0,25,23
45,2073,party_people,SELECT member_name FROM member EXCEPT SELECT T1.member_name FROM member AS T1 JOIN party_events AS T2 ON T1.member_id  =  T2.member_in_charge_id,Show all member names who are not in charge of any event.,0,0,0,1,2,0,19,12
46,2129,cre_Doc_Control_Systems,"SELECT Employees.employee_name, count(*)
FROM Employees JOIN Circulation_History ON Circulation_History.employee_id = Employees.employee_id 
GROUP BY Employees.employee_name, Circulation_History.draft_number , Circulation_History.copy_number
ORDER BY count(*) 
DESC LIMIT 1;",Which employee has showed up in most circulation history documents. List the employee's name and the number of drafts and copies.,0,1,1,1,1,0,22,21
47,2147,local_govt_in_alabama,"SELECT T3.service_id ,  T4.Service_Type_Code 
FROM participants AS T1 
JOIN Participants_in_Events AS T2 ON T1.Participant_ID  =  T2.Participant_ID 
JOIN EVENTS AS T3 ON T2.Event_ID   =  T3.Event_ID 
JOIN services AS T4 ON T3.service_id  =  T4.service_id 
GROUP BY T3.service_id, T4.Service_Type_Code  
ORDER BY count(*) ASC LIMIT 1",Which service id and type has the least number of participants?,0,1,1,3,1,0,41,11
48,2334,csu_1,SELECT campus FROM campuses WHERE LOCATION  =  'Northridge' AND county  =  'Los Angeles' UNION SELECT campus FROM campuses WHERE LOCATION  =  'San Francisco' AND county  =  'San Francisco',"Find the name of the campuses that is in Northridge, Los Angeles or in San Francisco, San Francisco.",0,0,0,0,2,2,28,18
49,2360,csu_1,SELECT T1.campus FROM campuses AS T1 JOIN faculty AS T2 ON T1.id  =  T2.campus WHERE T2.year  =  2002 AND faculty  >  (SELECT max(faculty) FROM campuses AS T1 JOIN faculty AS T2 ON T1.id  =  T2.campus WHERE T2.year  =  2002 AND T1.county  =  'Orange'),Find the names of the campus which has more faculties in 2002 than every campus in Orange county.,0,0,0,2,2,2,43,18
50,2470,movie_1,"SELECT T2.title ,  T2.director FROM Rating AS T1 JOIN Movie AS T2 ON T1.mID  =  T2.mID WHERE T1.stars  >  (SELECT avg(T1.stars) FROM Rating AS T1 JOIN Movie AS T2 ON T1.mID  =  T2.mID WHERE T2.director  =  'James Cameron')",What are the titles and directors of the movies whose star is greater than the average stars of the movies directed by James Cameron?,0,0,0,2,2,2,37,24
51,2514,movie_1,"SELECT mID ,  avg(stars) FROM Rating WHERE mID NOT IN (SELECT T1.mID FROM Rating AS T1 JOIN Reviewer AS T2 ON T1.rID  =  T2.rID WHERE T2.name  =  'Brittany Harris') GROUP BY mID",Find the average rating star for each movie that are not reviewed by Brittany Harris.,0,0,1,1,2,2,31,15
52,2554,county_public_safety,SELECT name FROM city WHERE county_ID  =  (SELECT county_ID FROM county_public_safety ORDER BY Police_officers DESC LIMIT 1),Show the name of cities in the county that has the largest number of police officers.,0,1,0,0,2,1,17,16
53,2647,local_govt_mdm,"SELECT T1.cmi_cross_ref_id ,  T1.source_system_code FROM CMI_Cross_References AS T1 JOIN Council_Tax AS T2 ON T1.cmi_cross_ref_id  =  T2.cmi_cross_ref_id GROUP BY T1.cmi_cross_ref_id HAVING count(*)  >=  1",What is the cmi cross reference id that is related to at least one council tax entry? List the cross reference id and source system code.,1,0,1,1,1,0,22,26
54,2648,local_govt_mdm,"SELECT T2.cmi_cross_ref_id ,  T2.master_customer_id ,  count(*) FROM Business_Rates AS T1 JOIN CMI_Cross_References AS T2 ON T1.cmi_cross_ref_id  =  T2.cmi_cross_ref_id GROUP BY T2.cmi_cross_ref_id","How many business rates are related to each cmi cross reference? List cross reference id, master customer id and the n",0,0,1,1,1,0,19,21
55,2704,storm_record,"SELECT sum(number_deaths) ,  sum(damage_millions_USD) FROM storm WHERE max_speed  >  (SELECT avg(max_speed) FROM storm)",What is the total number of deaths and damage for all storms with a max speed greater than the average?,0,0,0,0,2,1,12,20
56,2720,storm_record,SELECT T1.name FROM storm AS T1 JOIN affected_region AS T2 ON T1.storm_id  =  T2.storm_id GROUP BY T1.storm_id HAVING count(*)  >=  2 INTERSECT SELECT T1.name FROM storm AS T1 JOIN affected_region AS T2 ON T1.storm_id  =  T2.storm_id GROUP BY T1.storm_id HAVING sum(T2.number_city_affected)  >=  10,Show storm name with at least two regions and 10 cities affected.,2,0,2,2,2,0,43,12
57,2722,storm_record,SELECT name FROM storm EXCEPT SELECT T1.name FROM storm AS T1 JOIN affected_region AS T2 ON T1.storm_id  =  T2.storm_id GROUP BY T1.storm_id HAVING count(*)  >=  2,Show all storm names except for those with at least two affected regions.,1,0,1,1,2,0,26,13
58,2732,storm_record,SELECT T3.Name FROM affected_region AS T1 JOIN region AS T2 ON T1.region_id  =  T2.region_id JOIN storm AS T3 ON T1.storm_id  =  T3.storm_id WHERE T2.Region_name  =  'Afghanistan' INTERSECT SELECT T3.Name FROM affected_region AS T1 JOIN region AS T2 ON T1.region_id  =  T2.region_id JOIN storm AS T3 ON T1.storm_id  =  T3.storm_id WHERE T2.Region_name  =  'Albania',Find the name of the storm that affected both Afghanistan and Albania regions.,0,0,0,4,2,2,53,13
59,2810,news_report,SELECT Nationality FROM journalist WHERE Years_working  >  10 INTERSECT SELECT Nationality FROM journalist WHERE Years_working  <  3,Show the nations that have both journalists with more than 10 years of working and journalists with less than 3 years of working.,0,0,0,0,2,2,17,23
60,2814,news_report,"SELECT T3.Name ,  COUNT(*) FROM news_report AS T1 JOIN event AS T2 ON T1.Event_ID  =  T2.Event_ID JOIN journalist AS T3 ON T1.journalist_ID  =  T3.journalist_ID GROUP BY T3.Name",Show the names of journalists and the number of events they reported.,0,0,1,2,1,0,26,12
61,2815,news_report,SELECT T3.Name FROM news_report AS T1 JOIN event AS T2 ON T1.Event_ID  =  T2.Event_ID JOIN journalist AS T3 ON T1.journalist_ID  =  T3.journalist_ID GROUP BY T3.Name HAVING COUNT(*)  >  1,Show the names of journalists that have reported more than one event.,1,0,1,2,1,0,29,12
62,2839,restaurant_1,SELECT TIME FROM Student JOIN Visits_Restaurant ON Student.StuID = Visits_Restaurant.StuID JOIN Restaurant ON Visits_Restaurant.ResID = Restaurant.ResID WHERE Student.Fname = 'Linda' AND Student.Lname = 'Smith' AND Restaurant.ResName = 'Subway';,When did Linda Smith visit Subway?,0,0,0,2,1,1,28,6
63,2840,restaurant_1,"SELECT Restaurant.ResName ,  sum(Visits_Restaurant.Spent) FROM Visits_Restaurant JOIN Restaurant ON Visits_Restaurant.ResID = Restaurant.ResID GROUP BY Restaurant.ResID ORDER BY sum(Visits_Restaurant.Spent) ASC LIMIT 1;",At which restaurant did the students spend the least amount of time? List restaurant and the time students spent on in total.,0,1,1,1,1,0,20,22
64,2894,icfp_1,SELECT t3.title FROM authors AS t1 JOIN authorship AS t2 ON t1.authid  =  t2.authid JOIN papers AS t3 ON t2.paperid  =  t3.paperid JOIN inst AS t4 ON t2.instid  =  t4.instid WHERE t4.country  =  'USA' AND t2.authorder  =  2 AND t1.lname  =  'Turon',"Which paper is published in an institution in ""USA"" and have ""Turon"" as its second author?",0,0,0,3,1,1,42,16
65,2898,icfp_1,"SELECT t1.lname FROM authors AS t1 JOIN authorship AS t2 ON t1.authid  =  t2.authid JOIN papers AS t3 ON t2.paperid  =  t3.paperid GROUP BY t1.fname ,  t1.lname ORDER BY count(*) DESC LIMIT 1",What is the last name of the author that has published the most papers?,0,1,1,2,1,0,32,14
66,2910,icfp_1,SELECT t1.lname FROM authors AS t1 JOIN authorship AS t2 ON t1.authid  =  t2.authid JOIN papers AS t3 ON t2.paperid  =  t3.paperid WHERE t3.title LIKE '%Monadic%',"Find the last names of all the authors that have written a paper with title containing the word ""Monadic"".",0,0,0,2,1,1,26,19
67,3064,loan_1,"SELECT T1.cust_name ,  T1.acc_type 
FROM customer AS T1 JOIN loan AS T2 ON T1.cust_id  =  T2.cust_id 
GROUP BY T1.cust_name, T1.acc_type  
HAVING sum(T2.amount)  >  5000",Find the name and account balance of the customers who have loans with a total amount of more than 5000.,1,0,1,1,1,0,23,20
68,3068,loan_1,SELECT T2.bname FROM loan AS T1 JOIN bank AS T2 ON T1.branch_id  =  T2.branch_id JOIN customer AS T3 ON T1.cust_id  =  T3.cust_id WHERE T3.credit_score  <  100 GROUP BY T2.bname ORDER BY sum(T1.amount) DESC LIMIT 1,Find the name of bank branch that provided the greatest total amount of loans to customers with credit score is less than 100.,0,1,1,2,1,1,35,23
69,3126,assets_maintenance,"SELECT T1.asset_id ,  T1.asset_details FROM Assets AS T1 JOIN Asset_Parts AS T2 ON T1.asset_id  =  T2.asset_id GROUP BY T1.asset_id HAVING count(*)  =  2 INTERSECT SELECT T1.asset_id ,  T1.asset_details FROM Assets AS T1 JOIN Fault_Log AS T2 ON T1.asset_id  =  T2.asset_id GROUP BY T1.asset_id HAVING count(*)  <  2",Which assets have 2 parts and have less than 2 fault logs? List the asset id and detail.,2,0,2,2,2,0,45,18
70,3129,assets_maintenance,"SELECT T1.company_id ,  T1.company_name FROM Third_Party_Companies AS T1 JOIN Maintenance_Engineers AS T2 ON T1.company_id  =  T2.company_id GROUP BY T1.company_id HAVING count(*)  >=  2 UNION SELECT T3.company_id ,  T3.company_name FROM Third_Party_Companies AS T3 JOIN Maintenance_Contracts AS T4 ON T3.company_id  =  T4.maintenance_contract_company_id GROUP BY T3.company_id HAVING count(*)  >=  2",Which third party companies have at least 2 maintenance engineers or have at least 2 maintenance contracts? List the company id and name.,2,0,2,2,2,0,45,23
71,3143,assets_maintenance,"SELECT T1.part_id ,  T1.part_name FROM Parts AS T1 JOIN Part_Faults AS T2 ON T1.part_id  =  T2.part_id JOIN Skills_Required_To_Fix AS T3 ON T2.part_fault_id  =  T3.part_fault_id GROUP BY T1.part_id ORDER BY count(*) DESC LIMIT 1",Which part fault requires the most number of skills to fix? List part id and name.,0,1,1,2,1,0,32,16
72,3203,college_1,"SELECT count(*) ,  class_room FROM CLASS GROUP BY class_room HAVING count(*)  >=  2",Find the number of classes offered for all class rooms that held at least 2 classes.,1,0,1,0,1,0,12,16
73,3210,college_1,"SELECT count(*) ,  T1.school_code FROM department AS T1 JOIN professor AS T2 ON T1.dept_code  =  T2.dept_code GROUP BY T1.school_code",How many different professors are there for the different schools?,0,0,1,1,1,0,18,10
74,3223,college_1,"SELECT T2.dept_name ,  avg(T1.stu_gpa) 
FROM student AS T1 JOIN department AS T2 ON T1.dept_code  =  T2.dept_code 
GROUP BY T2.dept_name  
ORDER BY avg(T1.stu_gpa) 
DESC LIMIT 1",What is the name and the average gpa of department whose students have the highest average gpa?,0,1,1,1,1,0,24,17
75,3239,college_1,"SELECT T3.dept_name 
FROM course AS T1 
JOIN CLASS AS T2 ON T1.crs_code  =  T2.crs_code 
JOIN department AS T3 ON T1.dept_code  =  T3.dept_code 
GROUP BY T3.dept_name  
ORDER BY sum(T1.crs_credit) DESC LIMIT 1",Find the name of the department that offers the largest number of credits of all classes.,0,1,1,2,1,0,31,16
76,3251,college_1,SELECT count(*) FROM CLASS AS T1 JOIN enroll AS T2 ON T1.class_code  =  T2.class_code JOIN course AS T3 ON T1.crs_code  =  T3.crs_code JOIN department AS T4 ON T3.dept_code  =  T4.dept_code WHERE T4.dept_name  =  'Accounting',How many students are enrolled in the class taught by some professor from the accounting department?,0,0,0,3,1,1,34,16
77,3253,college_1,"SELECT T4.dept_name 
FROM CLASS AS T1 
JOIN enroll AS T2 ON T1.class_code  =  T2.class_code 
JOIN course AS T3 ON T1.crs_code  =  T3.crs_code 
JOIN department AS T4 ON T3.dept_code  =  T4.dept_code 
GROUP BY T4.dept_name 
ORDER BY count(*) DESC LIMIT 1",What is the name of the department that has the largest number of students enrolled?,0,1,1,3,1,0,39,15
78,3293,college_1,SELECT T1.stu_fname FROM student AS T1 JOIN enroll AS T2 ON T1.stu_num  =  T2.stu_num JOIN CLASS AS T3 ON T2.class_code  =  T3.class_code JOIN course AS T4 ON T3.crs_code  =  T4.crs_code JOIN department AS T5 ON T5.dept_code  =  T4.dept_code WHERE T5.dept_name  =  'Accounting' INTERSECT SELECT T1.stu_fname FROM student AS T1 JOIN enroll AS T2 ON T1.stu_num  =  T2.stu_num JOIN CLASS AS T3 ON T2.class_code  =  T3.class_code JOIN course AS T4 ON T3.crs_code  =  T4.crs_code JOIN department AS T5 ON T5.dept_code  =  T4.dept_code WHERE T5.dept_name  =  'Computer Info. Systems',Find the first name of student who is taking classes from accounting and Computer Info. Systems departments,0,0,0,8,2,2,87,17
79,3315,college_1,"SELECT T2.emp_fname ,  T4.prof_office ,  T3.crs_description ,  T5.dept_name FROM CLASS AS T1 JOIN employee AS T2 ON T1.prof_num  =  T2.emp_num JOIN course AS T3 ON T1.crs_code  =  T3.crs_code JOIN professor AS T4 ON T2.emp_num  =  T4.emp_num JOIN department AS T5 ON T4.dept_code  =  T5.dept_code",Find the first names and offices of all instructors who have taught some course and the course description and the department name.,0,0,0,4,1,0,41,22
80,3322,college_1,"SELECT T2.emp_fname ,  T1.class_room FROM CLASS AS T1 JOIN employee AS T2 ON T1.prof_num  =  T2.emp_num JOIN professor AS T3 ON T2.emp_num  =  T3.emp_num JOIN department AS T4 ON T4.dept_code  =  T3.dept_code WHERE T4.dept_name  =  'Accounting'",What are the first names of all Accounting professors who teach and what are the classrooms of the courses they teach?,0,0,0,3,1,1,35,21
81,3400,manufacturer,"SELECT t1.manufacturer_id ,  t1.num_of_shops FROM manufacturer AS t1 JOIN furniture_manufacte AS t2 ON t1.manufacturer_id  =  t2.manufacturer_id ORDER BY t2.Price_in_Dollar DESC LIMIT 1",Find the id and number of shops for the company that produces the most expensive furniture.,0,1,0,1,1,0,21,16
82,3404,manufacturer,SELECT t3.name FROM furniture AS t1 JOIN furniture_manufacte AS t2 ON t1.Furniture_ID  =  t2.Furniture_ID JOIN manufacturer AS t3 ON t2.manufacturer_id  =  t3.manufacturer_id WHERE t1.num_of_component  <  6 INTERSECT SELECT t3.name FROM furniture AS t1 JOIN furniture_manufacte AS t2 ON t1.Furniture_ID  =  t2.Furniture_ID JOIN manufacturer AS t3 ON t2.manufacturer_id  =  t3.manufacturer_id WHERE t1.num_of_component  >  10,Find the name of the company that produces both furnitures with less than 6 components and furnitures with more than 10 components.,0,0,0,4,2,2,53,22
83,3419,hr_1,"SELECT first_name ,  last_name ,  hire_date ,  salary ,  department_id FROM employees WHERE first_name NOT LIKE '%M%' ORDER BY department_id","display the full name (first and last), hire date, salary, and department number for those employees whose first name does not containing the letter M and make the result set in ascending order by department number.",0,1,0,0,1,1,16,36
84,3451,hr_1,"SELECT DISTINCT department_id FROM employees GROUP BY department_id ,  manager_id HAVING COUNT(employee_id)  >= 4",Find the ids of the departments where any manager is managing 4 or more employees.,1,0,1,0,1,0,13,15
85,3495,hr_1,SELECT * FROM employees WHERE salary BETWEEN (SELECT MIN(salary) FROM employees) AND 2500,display all the information of the employees whose salary if within the range of smallest salary and 2500.,0,0,0,0,2,1,13,18
86,3505,hr_1,"SELECT employee_id ,  first_name ,  last_name ,  salary FROM employees WHERE salary  >  ( SELECT AVG (salary) FROM employees ) AND department_id IN ( SELECT department_id FROM employees WHERE first_name LIKE '%J%')","display the employee number, name( first name and last name ), and salary for all employees who earn more than the average salary and who work in a department with any employee with a 'J' in their first name.",0,0,0,0,3,2,29,39
87,3620,music_1,"SELECT T1.artist_name 
FROM artist AS T1 
JOIN song AS T2 ON T1.artist_name  =  T2.artist_name 
WHERE T2.languages  =  'bangla' 
GROUP BY T1.artist_name ORDER BY count(*) DESC LIMIT 3",What are the top 3 artists with the largest number of songs in the language Bangla?,0,1,1,1,1,1,27,16
88,3724,mountain_photos,SELECT T3.brand FROM mountain AS T1 JOIN photos AS T2 ON T1.id  =  T2.mountain_id JOIN camera_lens AS T3 ON T2.camera_lens_id  =  T3.id WHERE T1.range  =  'Toubkal Atlas' INTERSECT SELECT T3.brand FROM mountain AS T1 JOIN photos AS T2 ON T1.id  =  T2.mountain_id JOIN camera_lens AS T3 ON T2.camera_lens_id  =  T3.id WHERE T1.range  =  'Lasta Massif',List the brands of lenses that took both a picture of mountains with range 'Toubkal Atlas' and a picture of mountains with range 'Lasta Massif',0,0,0,4,2,2,55,25
89,3747,program_share,SELECT t1.name FROM channel AS t1 JOIN broadcast AS t2 ON t1.channel_id  =  t2.channel_id WHERE t2.time_of_day  =  'Morning' INTERSECT SELECT t1.name FROM channel AS t1 JOIN broadcast AS t2 ON t1.channel_id  =  t2.channel_id WHERE t2.time_of_day  =  'Night',Which channels broadcast both in the morning and at night? Give me the channel names.,0,0,0,2,2,2,37,15
90,3754,program_share,SELECT t1.owner FROM program AS t1 JOIN broadcast AS t2 ON t1.program_id  =  t2.program_id WHERE t2.Time_of_day  =  'Morning' INTERSECT SELECT t1.owner FROM program AS t1 JOIN broadcast AS t2 ON t1.program_id  =  t2.program_id WHERE t2.Time_of_day  =  'Night',find the program owners that have some programs in both morning and night time.,0,0,0,2,2,2,37,14
91,3817,e_learning,"SELECT T1.subject_id ,  T2.subject_name ,  COUNT(*) 
FROM ""Courses"" AS T1 JOIN ""Subjects"" AS T2 ON T1.subject_id  =  T2.subject_id 
GROUP BY T1.subject_id, T2.subject_name  
ORDER BY COUNT(*) ASC","List the subject ID, name of subject and the number of courses available for each subject in ascending order of the course counts.",0,1,1,1,1,0,24,23
92,3850,insurance_policies,"SELECT T1.Date_Claim_Made ,  T1.Claim_id FROM Claims AS T1 JOIN Settlements AS T2 ON T1.Claim_id  =  T2.Claim_id GROUP BY T1.Claim_id HAVING count(*)  >  2 UNION SELECT T1.Date_Claim_Made ,  T1.Claim_id FROM Claims AS T1 JOIN Settlements AS T2 ON T1.Claim_id  =  T2.Claim_id WHERE T1.Amount_Claimed  =  ( SELECT max(Amount_Claimed) FROM Claims )",Which claims caused more than 2 settlements or have the maximum claim value? List the date the claim was made and the claim id.,1,0,1,2,3,1,47,24
93,3853,insurance_policies,"SELECT T1.customer_details ,  T1.customer_id FROM Customers AS T1 JOIN Customer_Policies AS T2 ON T1.Customer_id  =  T2.customer_id GROUP BY T1.customer_id HAVING count(*)  >=  2 EXCEPT SELECT T1.customer_details ,  T1.customer_id FROM Customers AS T1 JOIN Customer_Policies AS T2 ON T1.Customer_id  =  T2.customer_id JOIN Claims AS T3 ON T2.policy_id  =  T3.policy_id",Give me the the customer details and id for the customers who had two or more policies but did not file any claims.,1,0,1,3,2,0,46,23
94,3856,insurance_policies,"SELECT Amount_Settled ,  Amount_Claimed FROM Claims ORDER BY Amount_Claimed DESC LIMIT 1","Among all the claims, what is the settlement amount of the claim with the largest claim amount? List both the settlement amount and claim amount.",0,1,0,0,1,0,11,25
95,3861,insurance_policies,"SELECT Date_Claim_Made ,  Date_Claim_Settled FROM Claims WHERE Amount_Claimed  >  ( SELECT avg(Amount_Claimed) FROM Claims )","Give me the claim date, settlement date for all the claims whose claimed amount is larger than the average.",0,0,0,0,2,1,14,19
96,4077,student_1,"SELECT DISTINCT T1.firstname ,  T1.lastname FROM list AS T1 JOIN teachers AS T2 ON T1.classroom  =  T2.classroom WHERE T1.grade  =  1 EXCEPT SELECT T1.firstname ,  T1.lastname FROM list AS T1 JOIN teachers AS T2 ON T1.classroom  =  T2.classroom WHERE T2.firstname  =  'OTHA' AND T2.lastname  =  'MOYER'",What are the first and last names of the first-grade students who are NOT taught by teacher OTHA MOYER?,0,0,0,2,2,2,44,19
97,4108,company_employee,"SELECT T2.""Name""
FROM employment AS T1 
JOIN people AS T2 ON T1.""People_ID"" =  T2.""People_ID"" 
JOIN company AS T3 ON T1.""Company_ID""  =  T3.""Company_ID""
WHERE T3.""Sales_in_Billion""  >  200",Show the names of employees that work for companies with sales bigger than 200.,0,0,0,2,1,1,26,14
98,4296,club_1,"SELECT t3.fname ,  t3.lname FROM club AS t1 JOIN member_of_club AS t2 ON t1.clubid  =  t2.clubid JOIN student AS t3 ON t2.stuid  =  t3.stuid WHERE t1.clubname  =  'Hopkins Student Enterprises' AND t2.position  =  'CTO'","Who is the ""CTO"" of club ""Hopkins Student Enterprises""? Show the first name and last name.",0,0,0,2,1,1,33,16
99,4440,network_2,"SELECT T1.name ,  T1.age FROM Person AS T1 JOIN PersonFriend AS T2 ON T1.name  =  T2.name WHERE T2.friend  =  'Dan' INTERSECT SELECT T1.name ,   T1.age FROM Person AS T1 JOIN PersonFriend AS T2 ON T1.name  =  T2.name WHERE T2.friend  =  'Alice'",Find the name and age of the person who is a friend of both Dan and Alice.,0,0,0,2,2,2,39,17
100,4475,network_2,"SELECT T1.name ,  T1.age ,  T1.job FROM Person AS T1 JOIN PersonFriend AS T2 ON T1.name  =  T2.name WHERE T2.friend =  'Alice' AND T2.year  =  (SELECT max(YEAR) FROM PersonFriend WHERE friend =  'Alice')","What are the names, ages, and jobs of all people who are friends with Alice for the longest amount of time?",0,0,0,1,2,2,31,21
101,4482,network_2,SELECT DISTINCT T4.name FROM PersonFriend AS T1 JOIN Person AS T2 ON T1.name  =  T2.name JOIN PersonFriend AS T3 ON T1.friend  =  T3.name JOIN PersonFriend AS T4 ON T3.friend  =  T4.name WHERE T2.name  =  'Alice' AND T4.name != 'Alice',Find Alice's friends of friends.,0,0,0,3,1,1,39,5
102,4514,document_management,"(SELECT document_name FROM documents 
GROUP BY document_type_code, document_name 
ORDER BY count(*) DESC LIMIT 3) 
INTERSECT 
(SELECT document_name FROM documents 
GROUP BY document_structure_code, document_name 
ORDER BY count(*) DESC LIMIT 3)",What are the names of documents that have both one of the three most common types and one of three most common structures?,0,2,2,0,2,0,29,23
103,4525,document_management,SELECT document_name FROM documents EXCEPT SELECT t1.document_name FROM documents AS t1 JOIN document_sections AS t2 ON t1.document_code  =  t2.document_code JOIN document_sections_images AS t3 ON t2.section_id  =  t3.section_id,Find names of the document without any images.,0,0,0,2,2,0,27,8
104,4596,solvency_ii,SELECT T1.Product_Name FROM Products AS T1 JOIN Products_in_Events AS T2 ON T1.Product_ID  =  T2.Product_ID GROUP BY T1.Product_Name HAVING COUNT(*)  >=  2 ORDER BY T1.Product_Name,Show the names of products that are in at least two events in ascending alphabetical order of product name.,1,1,1,1,1,0,24,19
105,4630,customers_campaigns_ecommerce,"SELECT T2.customer_name ,  T2.payment_method FROM mailshot_customers AS T1 JOIN customers AS T2 ON T1.customer_id  =  T2.customer_id WHERE T1.outcome_code  =  'Order' INTERSECT SELECT T2.customer_name ,  T2.payment_method FROM mailshot_customers AS T1 JOIN customers AS T2 ON T1.customer_id  =  T2.customer_id WHERE T1.outcome_code  =  'No Response'",What are the name and payment method of customers who have both mailshots in 'Order' outcome and mailshots in 'No Response' outcome.,0,0,0,2,2,2,40,22
106,4735,department_store,"SELECT T1.customer_name ,  T1.customer_address FROM customers AS T1 JOIN customer_orders AS T2 ON T1.customer_id  =  T2.customer_id WHERE T2.order_status_code  =  'New' INTERSECT SELECT T1.customer_name ,  T1.customer_address FROM customers AS T1 JOIN customer_orders AS T2 ON T1.customer_id  =  T2.customer_id WHERE T2.order_status_code  =  'Pending'",Find the name and address of the customers who have both New and Pending orders.,0,0,0,2,2,2,39,15
107,4768,department_store,"SELECT product_id
FROM Order_Items
GROUP BY product_id
HAVING COUNT(*) > 3
UNION
SELECT product_id
FROM Product_Suppliers
GROUP BY product_id
HAVING SUM(CAST(total_amount_purchased AS numeric)) > 80000;",What are the ids of all products that were either ordered more than 3 times or have a cumulative amount purchased of above 80000?,2,0,2,0,2,0,25,24
108,4778,department_store,SELECT DISTINCT T1.customer_name FROM customers AS T1 JOIN customer_orders AS T2 ON T1.customer_id  =  T2.customer_id JOIN order_items AS T3 ON T2.order_id  =  T3.order_id JOIN products AS T4 ON T3.product_id  =  T4.product_id WHERE T4.product_name  =  'keyboard',What are the distinct names of customers who have purchased a keyboard?,0,0,0,3,1,1,35,12
109,4789,department_store,"SELECT T1.staff_name ,  T1.staff_gender FROM staff AS T1 JOIN Staff_Department_Assignments AS T2 ON T1.staff_id  =  T2.staff_id WHERE T2.job_title_code  =  'Sales Person' EXCEPT SELECT T1.staff_name ,  T1.staff_gender FROM staff AS T1 JOIN Staff_Department_Assignments AS T2 ON T1.staff_id  =  T2.staff_id WHERE T2.job_title_code  =  'Clerical Staff'",Find the name and gender of the staff who has been assigned the job of Sales Person but never Clerical Staff.,0,0,0,2,2,2,41,21
110,4815,aircraft,"SELECT T1.""Aircraft"" FROM aircraft AS T1 JOIN airport_aircraft AS T2 ON T1.""Aircraft_ID""  =  T2.""Aircraft_ID"" JOIN airport AS T3 ON T2.""Airport_ID""  =  T3.""Airport_ID"" WHERE T3.""Airport_Name""  =  'London Gatwick'","Please show the names of aircrafts associated with airport with name ""London Gatwick"".",0,0,0,2,1,1,27,13
111,4837,aircraft,"SELECT t1.""Name"" ,  t1.""Age"" 
FROM pilot AS t1 
JOIN MATCH AS t2 ON t1.""Pilot_Id""  =  t2.""Winning_Pilot"" 
WHERE t1.""Age""  <  30 
GROUP BY t1.""Name"" ,  t1.""Age"" 
ORDER BY count(*) DESC LIMIT 1",find the name and age of the pilot who has won the most number of times among the pilots who are younger than 30.,0,1,1,1,1,1,29,24
112,4845,local_govt_and_lot,"SELECT T1.resident_id ,  T1.other_details ,  count(*) 
FROM Residents AS T1 
JOIN Residents_Services AS T2 ON T1.resident_id  =  T2.resident_id 
GROUP BY T1.resident_id, T1.other_details  
ORDER BY count(*) DESC","How many services has each resident requested? List the resident id, details, and the count in descending order of the count.",0,1,1,1,1,0,24,21
113,4920,store_product,"SELECT t3.""Headquartered_City"" 
FROM store AS t1 
JOIN store_district AS t2 ON t1.""Store_ID"" =  t2.""Store_ID"" 
JOIN district AS t3 ON t2.""District_ID""  =  t3.""District_ID"" 
WHERE t1.""Store_Name""  =  'Blackville'","Which city is the headquarter of the store named ""Blackville"" in?",0,0,0,2,1,1,26,11
114,4922,store_product,"SELECT t3.""Headquartered_City"" ,  count(*) 
FROM store AS t1 
JOIN store_district AS t2 ON t1.""Store_ID""  =  t2.""Store_ID""
JOIN district AS t3 ON t2.""District_ID""  =  t3.""District_ID""
GROUP BY t3.""Headquartered_City""",Find the number of stores in each city.,0,0,1,2,1,0,26,8
115,4923,store_product,"SELECT t3.""Headquartered_City"" ,  count(*) 
FROM store AS t1 
JOIN store_district AS t2 ON t1.""Store_ID""  =  t2.""Store_ID""
JOIN district AS t3 ON t2.""District_ID""  =  t3.""District_ID"" 
GROUP BY t3.""Headquartered_City""",How many stores are headquarted in each city?,0,0,1,2,1,0,26,8
116,4924,store_product,"SELECT t3.""Headquartered_City""
FROM store AS t1 
JOIN store_district AS t2 ON t1.""Store_ID""  =  t2.""Store_ID""
JOIN district AS t3 ON t2.""District_ID""  =  t3.""District_ID"" 
GROUP BY t3.""Headquartered_City""
ORDER BY count(*) DESC LIMIT 1",Find the city with the most number of stores.,0,1,1,2,1,0,31,9
117,4925,store_product,"SELECT t3.""Headquartered_City"" FROM ""store"" AS t1 JOIN ""store_district"" AS t2 ON t1.""Store_ID"" = t2.""Store_ID"" JOIN ""district"" AS t3 ON t2.""District_ID"" = t3.""District_ID"" GROUP BY t3.""Headquartered_City"" ORDER BY count(*) DESC LIMIT 1",What is the city with the most number of flagship stores?,0,1,1,2,1,0,31,11
118,4942,store_product,"SELECT t3.""District_name"" FROM ""store"" AS t1 JOIN ""store_district"" AS t2 ON t1.""Store_ID"" = t2.""Store_ID"" JOIN ""district"" AS t3 ON t2.""District_ID"" = t3.""District_ID"" WHERE t1.""Type"" = 'City Mall' INTERSECT SELECT t3.""District_name"" FROM store AS t1 JOIN ""store_district"" AS t2 ON t1.""Store_ID"" = t2.""Store_ID"" JOIN ""district"" AS t3 ON t2.""District_ID"" = t3.""District_ID"" WHERE t1.""Type"" = 'Village Store';",Find the names of districts where have both city mall and village store type stores.,0,0,0,4,2,2,55,15
119,4943,store_product,"SELECT t3.""District_name"" FROM ""store"" AS t1 JOIN ""store_district"" AS t2 ON t1.""Store_ID"" = t2.""Store_ID"" JOIN ""district"" AS t3 ON t2.""District_ID"" = t3.""District_ID"" WHERE t1.""Type"" = 'City Mall' INTERSECT SELECT t3.""District_name"" FROM store AS t1 JOIN ""store_district"" AS t2 ON t1.""Store_ID"" = t2.""Store_ID"" JOIN ""district"" AS t3 ON t2.""District_ID"" = t3.""District_ID"" WHERE t1.""Type"" = 'Village Store';",What are the names of the districts that have both mall and village store style shops?,0,0,0,4,2,2,55,16
120,5028,soccer_2,SELECT T1.state FROM college AS T1 JOIN tryout AS T2 ON T1.cName  =  T2.cName WHERE T2.pPos  =  'goalie' INTERSECT SELECT T1.state FROM college AS T1 JOIN tryout AS T2 ON T1.cName  =  T2.cName WHERE T2.pPos  =  'mid',Find the names of states that have some college students playing in goalie and mid positions.,0,0,0,2,2,2,37,16
121,5029,soccer_2,SELECT T1.state FROM college AS T1 JOIN tryout AS T2 ON T1.cName  =  T2.cName WHERE T2.pPos  =  'goalie' INTERSECT SELECT T1.state FROM college AS T1 JOIN tryout AS T2 ON T1.cName  =  T2.cName WHERE T2.pPos  =  'mid',What are the names of the states that have some college students playing in the positions of goalie and mid-field?,0,0,0,2,2,2,37,20
122,5034,soccer_2,SELECT T1.state FROM college AS T1 JOIN tryout AS T2 ON T1.cName  =  T2.cName WHERE T2.pPos  =  'mid' EXCEPT SELECT T1.state FROM college AS T1 JOIN tryout AS T2 ON T1.cName  =  T2.cName WHERE T2.pPos  =  'goalie',Find the names of states that have some college students playing in the mid position but not in the goalie position.,0,0,0,2,2,2,37,21
123,5035,soccer_2,SELECT T1.state FROM college AS T1 JOIN tryout AS T2 ON T1.cName  =  T2.cName WHERE T2.pPos  =  'mid' EXCEPT SELECT T1.state FROM college AS T1 JOIN tryout AS T2 ON T1.cName  =  T2.cName WHERE T2.pPos  =  'goalie',What are the names of all the states with college students playing in the mid position but no goalies?,0,0,0,2,2,2,37,19
124,5036,soccer_2,SELECT COUNT(*) FROM (SELECT T1.state FROM college AS T1 JOIN tryout AS T2 ON T1.cName  =  T2.cName WHERE T2.pPos  =  'mid' EXCEPT SELECT T1.state FROM college AS T1 JOIN tryout AS T2 ON T1.cName  =  T2.cName WHERE T2.pPos  =  'goalie') as T,How many states that have some college students playing in the mid position but not in the goalie position.,0,0,0,2,3,2,42,19
125,5037,soccer_2,SELECT COUNT(*) FROM (SELECT T1.state FROM college AS T1 JOIN tryout AS T2 ON T1.cName  =  T2.cName WHERE T2.pPos  =  'mid' EXCEPT SELECT T1.state FROM college AS T1 JOIN tryout AS T2 ON T1.cName  =  T2.cName WHERE T2.pPos  =  'goalie') as T,What is the count of states with college students playing in the mid position but not as goalies?,0,0,0,2,3,2,42,18
126,5068,device,"SELECT T3.""Shop_Name"", T2.""Carrier"" 
FROM ""stock"" AS T1 JOIN ""device"" AS T2 ON T1.""Device_ID"" = T2.""Device_ID"" 
JOIN ""shop"" AS T3 ON T1.""Shop_ID"" = T3.""Shop_ID""",Show names of shops and the carriers of devices they have in stock.,0,0,0,2,1,0,23,13
127,5072,device,"SELECT T2.""Shop_Name"" FROM ""stock"" AS T1 JOIN ""shop"" AS T2 ON T1.""Shop_ID"" = T2.""Shop_ID"" GROUP BY T1.""Shop_ID"", T2.""Shop_Name"" ORDER BY COUNT(*) DESC LIMIT 1",Show the name of the shop that has the most kind of devices in stock.,0,1,1,1,1,0,24,15
128,5367,tracking_software_problems,"SELECT count(*) ,  T1.product_name FROM product AS T1 JOIN problems AS T2 ON T1.product_id = T2.product_id GROUP BY T1.product_name ORDER BY count(*) DESC LIMIT 1",Which product has the most problems? Give me the number of problems and the product name.,0,1,1,1,1,0,24,16
129,5386,tracking_software_problems,SELECT product_id FROM problems AS T1 JOIN staff AS T2 ON T1.reported_by_staff_id = T2.staff_id WHERE T2.staff_first_name = 'Christop' AND T2.staff_last_name = 'Berge' INTERSECT SELECT product_id FROM problems AS T1 JOIN staff AS T2 ON T1.closure_authorised_by_staff_id = T2.staff_id WHERE T2.staff_first_name = 'Ashley' AND T2.staff_last_name = 'Medhurst',What are the product ids for the problems reported by Christop Berge with closure authorised by Ashley Medhurst?,0,0,0,2,2,2,45,18
130,5421,shop_membership,"SELECT T3.name ,  T2.name FROM membership_register_branch AS T1 JOIN branch AS T2 ON T1.branch_id  =  T2.branch_id JOIN member AS T3 ON T1.member_id  =  T3.member_id ORDER BY T1.register_year",What are the names of the members and branches at which they are registered sorted by year of registration?,0,1,0,2,1,0,26,19
131,5429,shop_membership,"SELECT T2.name ,T2.open_year FROM membership_register_branch AS T1 JOIN branch AS T2 ON T1.branch_id = T2.branch_id WHERE T1.register_year = '2016' GROUP BY T2.branch_id ORDER BY count(*) DESC LIMIT 1",What is the name and opening year for the branch that registered the most members in 2016?,0,1,1,1,1,1,28,17
132,5549,products_gen_characteristics,"SELECT t1.product_id, t2.color_description FROM products AS t1 JOIN ref_colors AS t2 ON t1.color_code = t2.color_code JOIN product_characteristics AS t3 ON t1.product_id = t3.product_id GROUP BY t1.product_id, t2.color_description HAVING count(*) >= 2",What are the product ids and color descriptions for products with two or more characteristics?,1,0,1,2,1,0,31,15
133,5665,customers_and_products_contacts,SELECT T1.customer_name FROM customers AS T1 JOIN customer_orders AS T2 ON T1.customer_id  =  T2.customer_id WHERE T1.payment_method_code  =  'Credit Card' GROUP BY T1.customer_id HAVING count(*)  >  2,Show the names of customers who use Credit Card payment method and have more than 2 orders.,1,0,1,1,1,1,26,17
134,5666,customers_and_products_contacts,"SELECT T1.customer_name, T1.customer_phone FROM customers AS T1 JOIN customer_orders AS T2 ON T1.customer_id = T2.customer_id JOIN order_items AS T3 ON T3.order_id = T2.order_id GROUP BY T1.customer_id ORDER BY SUM(CAST(t3.order_quantity AS integer)) DESC LIMIT 1",What are the name and phone of the customer with the most ordered product quantity?,0,1,1,2,1,0,34,15
135,5703,dorm_1,SELECT T1.dorm_name FROM dorm AS T1 JOIN has_amenity AS T2 ON T1.dormid  =  T2.dormid JOIN dorm_amenity AS T3 ON T2.amenid  =  T3.amenid WHERE T3.amenity_name  =  'TV Lounge' INTERSECT SELECT T1.dorm_name FROM dorm AS T1 JOIN has_amenity AS T2 ON T1.dormid  =  T2.dormid JOIN dorm_amenity AS T3 ON T2.amenid  =  T3.amenid WHERE T3.amenity_name  =  'Study Room',What is the name of the dorm with both a TV Lounge and Study Room listed as amenities?,0,0,0,4,2,2,55,18
136,5756,dorm_1,SELECT T1.fname FROM student AS T1 JOIN lives_in AS T2 ON T1.stuid  =  T2.stuid WHERE T2.dormid IN (SELECT T2.dormid FROM dorm AS T3 JOIN has_amenity AS T4 ON T3.dormid  =  T4.dormid JOIN dorm_amenity AS T5 ON T4.amenid  =  T5.amenid GROUP BY T3.dormid ORDER BY count(*) DESC LIMIT 1),Find the first name of students who are living in the dorm that has most number of amenities.,0,1,1,3,2,1,48,18
137,5767,dorm_1,SELECT T3.amenity_name FROM dorm AS T1 JOIN has_amenity AS T2 ON T1.dormid  =  T2.dormid JOIN dorm_amenity AS T3 ON T2.amenid  =  T3.amenid JOIN lives_in AS T4 ON T4.dormid  =  T1.dormid JOIN student AS T5 ON T5.stuid  =  T4.stuid WHERE T5.lname  =  'Smith',What are the amenities in the dorm that a student who has the last name of Smith lives in?,0,0,0,4,1,1,42,19
138,5777,customer_complaints,SELECT t1.email_address FROM customers AS t1 JOIN complaints AS t2 ON t1.customer_id  =  t2.customer_id GROUP BY t1.customer_id ORDER BY count(*) LIMIT 1,What are the emails of customers who have filed complaints on the product which has had the greatest number of complaints?,0,1,1,1,1,0,22,21
139,5778,customer_complaints,"SELECT t1.product_name FROM products AS t1 JOIN complaints AS t2 ON t1.product_id = t2.product_id JOIN customers AS t3 ON t2.customer_id = t3.customer_id GROUP BY t3.customer_id, t1.product_name ORDER BY COUNT(*) LIMIT 1",Which products has been complained by the customer who has filed least amount of complaints?,0,1,1,2,1,0,31,15
140,5779,customer_complaints,"SELECT t1.product_name FROM products AS t1 JOIN complaints AS t2 ON t1.product_id = t2.product_id JOIN customers AS t3 ON t2.customer_id = t3.customer_id GROUP BY t3.customer_id, t1.product_name ORDER BY COUNT(*) LIMIT 1",Return the names of products that have had complaints filed by the customer who has filed the fewest complaints.,0,1,1,2,1,0,31,19
141,5933,cre_Theme_park,"SELECT T1.Name, T3.Visit_Date FROM Tourist_Attractions AS T1 JOIN VISITS AS T3 ON T1.Tourist_Attraction_ID = T3.Tourist_Attraction_ID JOIN VISITORS AS T2 ON T2.Tourist_ID = T3.Tourist_ID WHERE T2.Tourist_Details = 'Vincent' OR T2.Tourist_Details = 'Vivian'",What are the names of the tourist attractions and the dates when the tourists named Vincent or Vivian visited there?,0,0,0,2,1,1,31,20
142,5960,cre_Theme_park,SELECT T1.Name FROM Tourist_Attractions AS T1 JOIN Tourist_Attraction_Features AS T2 ON T1.tourist_attraction_id  =  T2.tourist_attraction_id JOIN Features AS T3 ON T2.Feature_ID  =  T3.Feature_ID WHERE T3.feature_Details  =  'park' UNION SELECT T1.Name FROM Tourist_Attractions AS T1 JOIN Tourist_Attraction_Features AS T2 ON T1.tourist_attraction_id  =  T2.tourist_attraction_id JOIN Features AS T3 ON T2.Feature_ID  =  T3.Feature_ID WHERE T3.feature_Details  =  'shopping',Find the tourist attractions that have parking or shopping as their feature details. What are the names of the attractions?,0,0,0,4,2,2,53,20
143,6110,customers_and_addresses,SELECT t1.customer_name FROM customers AS t1 JOIN customer_orders AS t2 ON t1.customer_id = t2.customer_id JOIN order_items AS t3 ON t2.order_id = t3.order_id GROUP BY t1.customer_name ORDER BY SUM(CAST(t3.order_quantity AS integer)) DESC LIMIT 1,Give me the name of the customer who ordered the most items in total.,0,1,1,2,1,0,33,14
144,6111,customers_and_addresses,"SELECT t1.payment_method FROM customers AS t1 JOIN customer_orders AS t2 ON t1.customer_id = t2.customer_id JOIN order_items AS t3 ON t2.order_id = t3.order_id GROUP BY t1.customer_name, t1.payment_method ORDER BY SUM(CAST(t3.order_quantity AS integer)) LIMIT 1",What is the payment method of the customer that has purchased the least quantity of items?,0,1,1,2,1,0,33,16
145,6112,customers_and_addresses,"SELECT t1.payment_method FROM customers AS t1 JOIN customer_orders AS t2 ON t1.customer_id = t2.customer_id JOIN order_items AS t3 ON t2.order_id = t3.order_id GROUP BY t1.customer_name, t1.payment_method ORDER BY SUM(CAST(t3.order_quantity AS integer)) LIMIT 1",Tell me the payment method used by the customer who ordered the least amount of goods in total.,0,1,1,2,1,0,33,18
146,6138,customers_and_addresses,SELECT customer_name FROM customers EXCEPT SELECT t1.customer_name FROM customers AS t1 JOIN customer_orders AS t2 ON t1.customer_id  =  t2.customer_id JOIN order_items AS t3 ON t2.order_id  =  t3.order_id JOIN products AS t4 ON t3.product_id  =  t4.product_id WHERE t4.product_details  =  'Latte',What are names of customers who never ordered product Latte.,0,0,0,3,2,1,39,10
147,6142,customers_and_addresses,SELECT t1.customer_name FROM customers AS t1 JOIN customer_orders AS t2 ON t1.customer_id  =  t2.customer_id JOIN order_items AS t3 ON t2.order_id  =  t3.order_id JOIN products AS t4 ON t3.product_id  =  t4.product_id WHERE t4.product_details  =  'Latte' INTERSECT SELECT t1.customer_name FROM customers AS t1 JOIN customer_orders AS t2 ON t1.customer_id  =  t2.customer_id JOIN order_items AS t3 ON t2.order_id  =  t3.order_id JOIN products AS t4 ON t3.product_id  =  t4.product_id WHERE t4.product_details  =  'Americano',What are the names of customers who have purchased both products Latte and Americano?,0,0,0,6,2,2,69,14
148,6192,music_4,SELECT T1.Famous_Title FROM artist AS T1 JOIN volume AS T2 ON T1.Artist_ID  =  T2.Artist_ID WHERE T2.Weeks_on_Top  >  2 INTERSECT SELECT T1.Famous_Title FROM artist AS T1 JOIN volume AS T2 ON T1.Artist_ID  =  T2.Artist_ID WHERE T2.Weeks_on_Top  <  2,What are the famous titles of artists who have not only had volumes that spent more than 2 weeks on top but also volumes that spent less than 2 weeks on top?,0,0,0,2,2,2,37,32
149,6324,e_government,SELECT t3.individual_last_name FROM organizations AS t1 JOIN organization_contact_individuals AS t2 ON t1.organization_id  =  t2.organization_id JOIN individuals AS t3 ON t2.individual_id  =  t3.individual_id WHERE t1.uk_vat_number  =  (SELECT max(uk_vat_number) FROM organizations) ORDER BY t2.date_contact_to ASC LIMIT 1,Find the last name of the first ever contact person of the organization with the highest UK Vat number.,0,1,0,2,2,1,35,19
150,6325,e_government,SELECT t3.individual_last_name FROM organizations AS t1 JOIN organization_contact_individuals AS t2 ON t1.organization_id  =  t2.organization_id JOIN individuals AS t3 ON t2.individual_id  =  t3.individual_id WHERE t1.uk_vat_number  =  (SELECT max(uk_vat_number) FROM organizations) ORDER BY t2.date_contact_to ASC LIMIT 1,What is the last name of the first individual contacted from the organization with the maximum UK Vat number across all organizations?,0,1,0,2,2,1,35,22
151,6340,e_government,SELECT t1.party_email FROM parties AS t1 JOIN party_services AS t2 ON t1.party_id  =  t2.customer_id GROUP BY t1.party_email ORDER BY count(*) DESC LIMIT 1,Which is the email of the party that has used the services the most number of times?,0,1,1,1,1,0,23,17
152,6341,e_government,SELECT t1.party_email FROM parties AS t1 JOIN party_services AS t2 ON t1.party_id  =  t2.customer_id GROUP BY t1.party_email ORDER BY count(*) DESC LIMIT 1,Return the party email that has used party services the greatest number of times.,0,1,1,1,1,0,23,14
153,6398,cre_Docs_and_Epenses,"SELECT T1.statement_id, T2.statement_details FROM Accounts AS T1 JOIN Statements AS T2 ON T1.statement_id = T2.statement_id GROUP BY T1.statement_id, T2.statement_details ORDER BY count(*) DESC LIMIT 1",What are the statement id and statement detail for the statement that has the most corresponding accounts?,0,1,1,1,1,0,25,17
154,6563,wine_1,"SELECT T1.Area FROM APPELLATIONS AS T1 JOIN WINE AS T2 ON T1.Appelation = T2.Appelation WHERE T2.year < 2010 GROUP BY T2.Appelation, T1.Area ORDER BY count(*) DESC LIMIT 1",What is the area of the appelation that produces the highest number of wines before the year of 2010?,1,1,1,1,1,1,28,19
155,6564,wine_1,"SELECT T1.Area FROM APPELLATIONS AS T1 JOIN WINE AS T2 ON T1.Appelation = T2.Appelation WHERE T2.year < 2010 GROUP BY T2.Appelation, T1.Area ORDER BY count(*) DESC LIMIT 1",What is the area for the appelation which produced the most wines prior to 2010?,1,1,1,1,1,1,28,15
156,6565,wine_1,"SELECT T1.Color FROM GRAPES AS T1 JOIN WINE AS T2 ON T1.Grape = T2.Grape GROUP BY T2.Grape, T1.Color ORDER BY AVG(Price) DESC LIMIT 1",What is the color of the grape whose wine products has the highest average price?,0,1,1,1,1,0,24,15
157,6566,wine_1,"SELECT T1.Color FROM GRAPES AS T1 JOIN WINE AS T2 ON T1.Grape = T2.Grape GROUP BY T2.Grape, T1.Color ORDER BY AVG(Price) DESC LIMIT 1",Give the color of the grape whose wine products have the highest average price?,0,1,1,1,1,0,24,14
158,6581,wine_1,"select DISTINCT T1.County FROM APPELLATIONS AS T1 JOIN WINE AS T2 ON T1.Appelation = T2.Appelation GROUP BY T1.County, T2.Appelation HAVING count(*) <= 3",Find the country of all appelations who have at most three wines.,1,0,1,1,1,0,23,12
159,6582,wine_1,"select DISTINCT T1.County FROM APPELLATIONS AS T1 JOIN WINE AS T2 ON T1.Appelation = T2.Appelation GROUP BY T1.County, T2.Appelation HAVING count(*) <= 3",What are the countries for appelations with at most 3 wines?,1,0,1,1,1,0,23,11
160,6587,wine_1,SELECT T2.Winery FROM GRAPES AS T1 JOIN WINE AS T2 ON T1.GRAPE  =  T2.GRAPE WHERE T1.Color  =  'White' GROUP BY T2.Winery ORDER BY count(*) DESC LIMIT 3,Find the top 3 wineries with the greatest number of wines made of white color grapes.,0,1,1,1,1,1,27,16
161,6588,wine_1,SELECT T2.Winery FROM GRAPES AS T1 JOIN WINE AS T2 ON T1.GRAPE  =  T2.GRAPE WHERE T1.Color  =  'White' GROUP BY T2.Winery ORDER BY count(*) DESC LIMIT 3,Which 3 wineries produce the most wines made from white grapes?,0,1,1,1,1,1,27,11
162,6619,train_station,SELECT T2.name FROM train_station AS T1 JOIN station AS T2 ON T1.station_id  =  T2.station_id JOIN train AS T3 ON T3.train_id  =  T1.train_id WHERE T3.Name  =  'Ananthapuri Express' INTERSECT SELECT T2.name FROM train_station AS T1 JOIN station AS T2 ON T1.station_id  =  T2.station_id JOIN train AS T3 ON T3.train_id  =  T1.train_id WHERE T3.Name  =  'Guruvayur Express',"What are the names of the stations which serve both ""Ananthapuri Express"" and ""Guruvayur Express"" trains?",0,0,0,4,2,2,55,16
163,6689,driving_school,SELECT T2.city FROM Customers AS T1 JOIN Addresses AS T2 ON T1.customer_address_id = T2.address_id GROUP BY T2.city ORDER BY count(*) DESC LIMIT 1;,What is the city with the most customers?,0,1,1,1,1,0,23,8
164,6759,activity_1,"SELECT T1.fname ,  T1.lname FROM Faculty AS T1 JOIN Student AS T2 ON T1.FacID  =  T2.advisor GROUP BY T1.FacID ORDER BY count(*) DESC LIMIT 1",What are the first and last name of the faculty who has the most students?,0,1,1,1,1,0,24,15
165,6799,activity_1,SELECT T1.lname FROM Faculty AS T1 JOIN Faculty_participates_in AS T2 ON T1.facID  =  T2.facID JOIN activity AS T3 ON T2.actid  =  T2.actid WHERE T3.activity_name  =  'Canoeing' INTERSECT SELECT T1.lname FROM Faculty AS T1 JOIN Faculty_participates_in AS T2 ON T1.facID  =  T2.facID JOIN activity AS T3 ON T2.actid  =  T2.actid WHERE T3.activity_name  =  'Kayaking',Find the first names of the faculty members who participate in Canoeing and Kayaking.,0,0,0,4,2,2,53,14
166,6800,activity_1,SELECT T1.lname FROM Faculty AS T1 JOIN Faculty_participates_in AS T2 ON T1.facID  =  T2.facID JOIN activity AS T3 ON T2.actid  =  T2.actid WHERE T3.activity_name  =  'Canoeing' INTERSECT SELECT T1.lname FROM Faculty AS T1 JOIN Faculty_participates_in AS T2 ON T1.facID  =  T2.facID JOIN activity AS T3 ON T2.actid  =  T2.actid WHERE T3.activity_name  =  'Kayaking',What are the first names of the faculty members playing both Canoeing and Kayaking?,0,0,0,4,2,2,53,14
167,6900,tracking_orders,SELECT T1.customer_id FROM customers AS T1 JOIN orders AS T2 ON T1.customer_id  =  T2.customer_id GROUP BY T1.customer_id ORDER BY count(*) DESC LIMIT 1,Find the id of the customer who made the most orders.,0,1,1,1,1,0,23,11
168,6917,tracking_orders,"SELECT count(*) , T3.product_id FROM orders AS T1 JOIN order_items AS T2 ON T1.order_id = T2.order_id JOIN products AS T3 ON T2.product_id = T3.product_id GROUP BY T3.product_id",List the count and id of each product in all the orders.,0,0,1,2,1,0,26,12
169,6918,tracking_orders,"SELECT count(*) , T3.product_id FROM orders AS T1 JOIN order_items AS T2 ON T1.order_id = T2.order_id JOIN products AS T3 ON T2.product_id = T3.product_id GROUP BY T3.product_id","For each product, return its id and the number of times it was ordered.",0,0,1,2,1,0,26,14
170,6919,tracking_orders,"SELECT T3.product_name , count(*) FROM orders AS T1 JOIN order_items AS T2 ON T1.order_id = T2.order_id JOIN products AS T3 ON T2.product_id = T3.product_id GROUP BY T3.product_id",List the name and count of each product in all orders.,0,0,1,2,1,0,26,11
171,6920,tracking_orders,"SELECT T3.product_name , count(*) FROM orders AS T1 JOIN order_items AS T2 ON T1.order_id = T2.order_id JOIN products AS T3 ON T2.product_id = T3.product_id GROUP BY T3.product_id","For each product, show its name and the number of times it was ordered.",0,0,1,2,1,0,26,14
172,6929,tracking_orders,SELECT T1.order_id FROM orders AS T1 JOIN order_items AS T2 ON T1.order_id = T2.order_id GROUP BY T1.order_id ORDER BY count(*) DESC LIMIT 1,What is the id of the order which has the most items?,0,1,1,1,1,0,23,12
173,6930,tracking_orders,SELECT T1.order_id FROM orders AS T1 JOIN order_items AS T2 ON T1.order_id = T2.order_id GROUP BY T1.order_id ORDER BY count(*) DESC LIMIT 1,Which order deals with the most items? Return the order id.,0,1,1,1,1,0,23,11
174,6941,tracking_orders,SELECT T1.customer_name FROM customers AS T1 JOIN orders AS T2 ON T1.customer_id = T2.customer_id JOIN order_items AS T3 ON T2.order_id = T3.order_id JOIN products AS T4 ON T3.product_id = T4.product_id WHERE T4.product_name = 'food' GROUP BY T1.customer_id HAVING count(*) >= 1,"List the names of the customers who have once bought product ""food"".",1,0,1,3,1,1,41,12
175,6942,tracking_orders,SELECT T1.customer_name FROM customers AS T1 JOIN orders AS T2 ON T1.customer_id = T2.customer_id JOIN order_items AS T3 ON T2.order_id = T3.order_id JOIN products AS T4 ON T3.product_id = T4.product_id WHERE T4.product_name = 'food' GROUP BY T1.customer_id HAVING count(*) >= 1,"What are the names of the customers who bought product ""food"" at least once?",1,0,1,3,1,1,41,14
176,6943,tracking_orders,SELECT T1.customer_name FROM customers AS T1 JOIN orders AS T2 ON T1.customer_id = T2.customer_id JOIN order_items AS T3 ON T2.order_id = T3.order_id JOIN products AS T4 ON T3.product_id = T4.product_id WHERE T3.order_item_status = 'Cancel' AND T4.product_name = 'food' GROUP BY T1.customer_id HAVING count(*) >= 1,"List the names of customers who have once canceled the purchase of the product ""food"" (the item status is ""Cancel"").",1,0,1,3,1,1,45,20
177,6944,tracking_orders,SELECT T1.customer_name FROM customers AS T1 JOIN orders AS T2 ON T1.customer_id = T2.customer_id JOIN order_items AS T3 ON T2.order_id = T3.order_id JOIN products AS T4 ON T3.product_id = T4.product_id WHERE T3.order_item_status = 'Cancel' AND T4.product_name = 'food' GROUP BY T1.customer_id HAVING count(*) >= 1,"Which customers have ever canceled the purchase of the product ""food"" (the item status is ""Cancel"")?",1,0,1,3,1,1,45,16
178,6955,architecture,"SELECT T1.id ,  T1.name ,  T1.gender FROM architect AS T1 JOIN bridge AS T2 ON T1.id  =  T2.architect_id GROUP BY T1.id HAVING count(*)  =  2 UNION SELECT T1.id ,  T1.name ,  T1.gender FROM architect AS T1 JOIN mill AS T2 ON T1.id  =  T2.architect_id GROUP BY T1.id HAVING count(*)  =  1","What are the ids, names and genders of the architects who built two bridges or one mill?",2,0,2,2,2,0,47,17
179,7065,pets_1,"SELECT T1.fname ,  T1.age FROM student AS T1 JOIN has_pet AS T2 ON T1.stuid  =  T2.stuid JOIN pets AS T3 ON T3.petid  =  T2.petid WHERE T3.pettype  =  'dog' AND T1.stuid NOT IN (SELECT T1.stuid FROM student AS T1 JOIN has_pet AS T2 ON T1.stuid  =  T2.stuid JOIN pets AS T3 ON T3.petid  =  T2.petid WHERE T3.pettype  =  'cat')",Find the first name and age of students who have a dog but do not have a cat as a pet.,0,0,0,4,2,2,57,21
180,7066,pets_1,"SELECT T1.fname ,  T1.age FROM student AS T1 JOIN has_pet AS T2 ON T1.stuid  =  T2.stuid JOIN pets AS T3 ON T3.petid  =  T2.petid WHERE T3.pettype  =  'dog' AND T1.stuid NOT IN (SELECT T1.stuid FROM student AS T1 JOIN has_pet AS T2 ON T1.stuid  =  T2.stuid JOIN pets AS T3 ON T3.petid  =  T2.petid WHERE T3.pettype  =  'cat')",What is the first name of every student who has a dog but does not have a cat?,0,0,0,4,2,2,57,18
181,7129,car_1,SELECT T1.CountryName FROM COUNTRIES AS T1 JOIN CONTINENTS AS T2 ON T1.Continent  =  T2.ContId JOIN CAR_MAKERS AS T3 ON T1.CountryId  =  T3.Country WHERE T2.Continent  =  'europe' GROUP BY T1.CountryName HAVING count(*)  >=  3;,Which countries in europe have at least 3 car manufacturers?,1,0,1,2,1,1,33,10
182,7130,car_1,SELECT T1.CountryName FROM COUNTRIES AS T1 JOIN CONTINENTS AS T2 ON T1.Continent  =  T2.ContId JOIN CAR_MAKERS AS T3 ON T1.CountryId  =  T3.Country WHERE T2.Continent  =  'europe' GROUP BY T1.CountryName HAVING count(*)  >=  3;,What are the names of all European countries with at least 3 manufacturers?,1,0,1,2,1,1,33,13
183,7171,car_1,SELECT DISTINCT T1.model FROM MODEL_LIST AS T1 JOIN CAR_NAMES AS T2 ON T1.Model  =  T2.Model JOIN CARS_DATA AS T3 ON T2.MakeId  =  T3.Id JOIN CAR_MAKERS AS T4 ON T1.Maker  =  T4.Id WHERE T3.weight  <  3500 AND T4.FullName != 'Ford Motor Company';,Which models are lighter than 3500 but not built by the 'Ford Motor Company'?,0,0,0,3,1,1,41,14
184,7175,car_1,"select t1.id ,  t1.maker from car_makers as t1 join model_list as t2 on t1.id  =  t2.maker group by t1.id having count(*)  >=  2 intersect select t1.id ,  t1.maker from car_makers as t1 join model_list as t2 on t1.id  =  t2.maker join car_names as t3 on t2.model  =  t3.model group by t1.id having count(*)  >  3;",Which are the car makers which produce at least 2 models and more than 3 car makers ? List the id and the maker .,2,0,2,3,2,0,53,25
185,7176,car_1,"SELECT T1.Id ,  T1.Maker FROM CAR_MAKERS AS T1 JOIN MODEL_LIST AS T2 ON T1.Id  =  T2.Maker GROUP BY T1.Id HAVING count(*)  >=  2 INTERSECT SELECT T1.Id ,  T1.Maker FROM CAR_MAKERS AS T1 JOIN MODEL_LIST AS T2 ON T1.Id  =  T2.Maker JOIN CAR_NAMES AS T3 ON T2.model  =  T3.model GROUP BY T1.Id HAVING count(*)  >  3;",What are the ids and makers of all car makers that produce at least 2 models and make more than 3 cars?,2,0,2,3,2,0,53,22
186,7177,car_1,"SELECT T1.countryId ,  T1.CountryName FROM Countries AS T1 JOIN CAR_MAKERS AS T2 ON T1.CountryId  =  T2.Country GROUP BY T1.countryId HAVING count(*)  >  3 UNION SELECT T1.countryId ,  T1.CountryName FROM Countries AS T1 JOIN CAR_MAKERS AS T2 ON T1.CountryId  =  T2.Country JOIN MODEL_LIST AS T3 ON T2.Id  =  T3.Maker WHERE T3.Model  =  'fiat';",What are the id and names of the countries which have more than 3 car makers or produce the 'fiat' model?,1,0,1,3,2,1,50,21
187,7178,car_1,"select t1.countryid ,  t1.countryname from countries as t1 join car_makers as t2 on t1.countryid  =  t2.country group by t1.countryid having count(*)  >  3 union select t1.countryid ,  t1.countryname from countries as t1 join car_makers as t2 on t1.countryid  =  t2.country join model_list as t3 on t2.id  =  t3.maker where t3.model  =  'fiat';",What are the ids and names of all countries that either have more than 3 car makers or produce fiat model ?,1,0,1,3,2,1,50,22
188,7421,museum_visit,"SELECT t2.""Museum_ID"", t1.""Name"" FROM ""museum"" AS t1 JOIN ""visit"" AS t2 ON t1.""Museum_ID"" = t2.""Museum_ID"" GROUP BY t2.""Museum_ID"", t1.""Name"" ORDER BY count(*) DESC LIMIT 1",What are the id and name of the museum visited most times?,0,1,1,1,1,0,25,12
189,7426,museum_visit,"SELECT t1.""Name"" FROM ""visitor"" AS t1 JOIN ""visit"" AS t2 ON t1.""ID"" = t2.""visitor_ID"" JOIN ""museum"" AS t3 ON t3.""Museum_ID"" = t2.""Museum_ID"" WHERE t3.""Open_Year"" < '2009' INTERSECT SELECT t1.""Name"" FROM ""visitor"" AS t1 JOIN ""visit"" AS t2 ON t1.""ID"" = t2.""visitor_ID"" JOIN ""museum"" AS t3 ON t3.""Museum_ID"" = t2.""Museum_ID"" WHERE t3.""Open_Year"" > '2011';",What is the name of the visitor who visited both a museum opened before 2009 and a museum opened after 2011?,0,0,0,4,2,2,53,21
190,7499,battle_death,"SELECT T1.id ,  T1.name FROM battle AS T1 JOIN ship AS T2 ON T1.id  =  T2.lost_in_battle JOIN death AS T3 ON T2.id  =  T3.caused_by_ship_id GROUP BY T1.id HAVING sum(T3.killed)  >  10",What are the ids and names of the battles that led to more than 10 people killed in total.,1,0,1,2,1,0,30,19
191,7936,dog_kennels,"SELECT T1.owner_id ,  T1.last_name FROM Owners AS T1 JOIN Dogs AS T2 ON T1.owner_id  =  T2.owner_id JOIN Treatments AS T3 ON T2.dog_id  =  T3.dog_id GROUP BY T1.owner_id ORDER BY count(*) DESC LIMIT 1",Which owner has paid for the most treatments on his or her dogs? List the owner id and last name.,0,1,1,2,1,0,32,20
192,7937,dog_kennels,"SELECT T1.owner_id ,  T1.last_name FROM Owners AS T1 JOIN Dogs AS T2 ON T1.owner_id  =  T2.owner_id JOIN Treatments AS T3 ON T2.dog_id  =  T3.dog_id GROUP BY T1.owner_id ORDER BY count(*) DESC LIMIT 1",Tell me the owner id and last name of the owner who spent the most on treatments of his or her dogs.,0,1,1,2,1,0,32,22
193,7940,dog_kennels,"SELECT T1.owner_id ,  T1.zip_code FROM Owners AS T1 JOIN Dogs AS T2 ON T1.owner_id  =  T2.owner_id JOIN Treatments AS T3 ON T2.dog_id  =  T3.dog_id GROUP BY T1.owner_id ORDER BY sum(T3.cost_of_treatment) DESC LIMIT 1",Which owner has paid the largest amount of money in total for their dogs? Show the owner id and zip code.,0,1,1,2,1,0,32,21
194,7941,dog_kennels,"SELECT T1.owner_id ,  T1.zip_code FROM Owners AS T1 JOIN Dogs AS T2 ON T1.owner_id  =  T2.owner_id JOIN Treatments AS T3 ON T2.dog_id  =  T3.dog_id GROUP BY T1.owner_id ORDER BY sum(T3.cost_of_treatment) DESC LIMIT 1",Find the owner id and zip code of the owner who spent the most money in total for his or her dogs.,0,1,1,2,1,0,32,22
195,7954,dog_kennels,"SELECT T1.name ,  T2.date_of_treatment FROM Dogs AS T1 JOIN Treatments AS T2 ON T1.dog_id  =  T2.dog_id WHERE T1.breed_code  =  ( SELECT breed_code FROM Dogs GROUP BY breed_code ORDER BY count(*) ASC LIMIT 1 )",List the names of the dogs of the rarest breed and the treatment dates of them.,0,1,1,1,2,1,33,16
196,7955,dog_kennels,"SELECT T1.name ,  T2.date_of_treatment FROM Dogs AS T1 JOIN Treatments AS T2 ON T1.dog_id  =  T2.dog_id WHERE T1.breed_code  =  ( SELECT breed_code FROM Dogs GROUP BY breed_code ORDER BY count(*) ASC LIMIT 1 )",Which dogs are of the rarest breed? Show their names and treatment dates.,0,1,1,1,2,1,33,13
