,db_id,query,question,query_toks,query_toks_no_value,question_toks,HAVING,ORDER BY,GROUP BY,JOIN,SELECT
6491,scientist_1,SELECT T3.name FROM assignedto AS T1 JOIN projects AS T2 ON T1.project  =  T2.code JOIN scientists AS T3 ON T1.scientist  =  T3.SSN WHERE T2.name  =  'Matter of Time' INTERSECT SELECT T3.name FROM assignedto AS T1 JOIN projects AS T2 ON T1.project  =  T2.code JOIN scientists AS T3 ON T1.scientist  =  T3.SSN WHERE T2.name  =  'A Puzzling Parallax',Find the name of the scientist who worked on both a project named 'Matter of Time' and a project named 'A Puzzling Parallax'.,"['SELECT' 'T3.name' 'FROM' 'assignedto' 'AS' 'T1' 'JOIN' 'projects' 'AS'
 'T2' 'ON' 'T1.project' '=' 'T2.code' 'JOIN' 'scientists' 'AS' 'T3' 'ON'
 'T1.scientist' '=' 'T3.SSN' 'WHERE' 'T2.name' '=' ""'Matter"" 'of' 'Time'
 ""'"" 'INTERSECT' 'SELECT' 'T3.name' 'FROM' 'assignedto' 'AS' 'T1' 'JOIN'
 'projects' 'AS' 'T2' 'ON' 'T1.project' '=' 'T2.code' 'JOIN' 'scientists'
 'AS' 'T3' 'ON' 'T1.scientist' '=' 'T3.SSN' 'WHERE' 'T2.name' '=' ""'A""
 'Puzzling' 'Parallax' ""'""]","['select' 't3' '.' 'name' 'from' 'assignedto' 'as' 't1' 'join' 'projects'
 'as' 't2' 'on' 't1' '.' 'project' '=' 't2' '.' 'code' 'join' 'scientists'
 'as' 't3' 'on' 't1' '.' 'scientist' '=' 't3' '.' 'ssn' 'where' 't2' '.'
 'name' '=' 'value' 'intersect' 'select' 't3' '.' 'name' 'from'
 'assignedto' 'as' 't1' 'join' 'projects' 'as' 't2' 'on' 't1' '.'
 'project' '=' 't2' '.' 'code' 'join' 'scientists' 'as' 't3' 'on' 't1' '.'
 'scientist' '=' 't3' '.' 'ssn' 'where' 't2' '.' 'name' '=' 'value']","['Find' 'the' 'name' 'of' 'the' 'scientist' 'who' 'worked' 'on' 'both' 'a'
 'project' 'named' ""'Matter"" 'of' 'Time' ""'"" 'and' 'a' 'project' 'named'
 ""'A"" 'Puzzling' 'Parallax' ""'"" '.']",0,0,0,4,2
6492,scientist_1,SELECT T3.name FROM assignedto AS T1 JOIN projects AS T2 ON T1.project  =  T2.code JOIN scientists AS T3 ON T1.scientist  =  T3.SSN WHERE T2.name  =  'Matter of Time' INTERSECT SELECT T3.name FROM assignedto AS T1 JOIN projects AS T2 ON T1.project  =  T2.code JOIN scientists AS T3 ON T1.scientist  =  T3.SSN WHERE T2.name  =  'A Puzzling Parallax',What are the names of any scientists who worked on projects named 'Matter of Time' and 'A Puzzling Pattern'?,"['SELECT' 'T3.name' 'FROM' 'assignedto' 'AS' 'T1' 'JOIN' 'projects' 'AS'
 'T2' 'ON' 'T1.project' '=' 'T2.code' 'JOIN' 'scientists' 'AS' 'T3' 'ON'
 'T1.scientist' '=' 'T3.SSN' 'WHERE' 'T2.name' '=' ""'Matter"" 'of' 'Time'
 ""'"" 'INTERSECT' 'SELECT' 'T3.name' 'FROM' 'assignedto' 'AS' 'T1' 'JOIN'
 'projects' 'AS' 'T2' 'ON' 'T1.project' '=' 'T2.code' 'JOIN' 'scientists'
 'AS' 'T3' 'ON' 'T1.scientist' '=' 'T3.SSN' 'WHERE' 'T2.name' '=' ""'A""
 'Puzzling' 'Parallax' ""'""]","['select' 't3' '.' 'name' 'from' 'assignedto' 'as' 't1' 'join' 'projects'
 'as' 't2' 'on' 't1' '.' 'project' '=' 't2' '.' 'code' 'join' 'scientists'
 'as' 't3' 'on' 't1' '.' 'scientist' '=' 't3' '.' 'ssn' 'where' 't2' '.'
 'name' '=' 'value' 'intersect' 'select' 't3' '.' 'name' 'from'
 'assignedto' 'as' 't1' 'join' 'projects' 'as' 't2' 'on' 't1' '.'
 'project' '=' 't2' '.' 'code' 'join' 'scientists' 'as' 't3' 'on' 't1' '.'
 'scientist' '=' 't3' '.' 'ssn' 'where' 't2' '.' 'name' '=' 'value']","['What' 'are' 'the' 'names' 'of' 'any' 'scientists' 'who' 'worked' 'on'
 'projects' 'named' ""'Matter"" 'of' 'Time' ""'"" 'and' ""'A"" 'Puzzling'
 'Pattern' ""'"" '?']",0,0,0,4,2
6563,wine_1,SELECT T1.Area FROM APPELLATIONS AS T1 JOIN WINE AS T2 ON T1.Appelation  =  T2.Appelation GROUP BY T2.Appelation HAVING T2.year  <  2010 ORDER BY count(*) DESC LIMIT 1,What is the area of the appelation that produces the highest number of wines before the year of 2010?,"['SELECT' 'T1.Area' 'FROM' 'APPELLATIONS' 'AS' 'T1' 'JOIN' 'WINE' 'AS'
 'T2' 'ON' 'T1.Appelation' '=' 'T2.Appelation' 'GROUP' 'BY'
 'T2.Appelation' 'HAVING' 'T2.year' '<' '2010' 'ORDER' 'BY' 'count' '('
 '*' ')' 'DESC' 'LIMIT' '1']","['select' 't1' '.' 'area' 'from' 'appellations' 'as' 't1' 'join' 'wine'
 'as' 't2' 'on' 't1' '.' 'appelation' '=' 't2' '.' 'appelation' 'group'
 'by' 't2' '.' 'appelation' 'having' 't2' '.' 'year' '<' 'value' 'order'
 'by' 'count' '(' '*' ')' 'desc' 'limit' 'value']","['What' 'is' 'the' 'area' 'of' 'the' 'appelation' 'that' 'produces' 'the'
 'highest' 'number' 'of' 'wines' 'before' 'the' 'year' 'of' '2010' '?']",1,1,1,1,1
6564,wine_1,SELECT T1.Area FROM APPELLATIONS AS T1 JOIN WINE AS T2 ON T1.Appelation  =  T2.Appelation GROUP BY T2.Appelation HAVING T2.year  <  2010 ORDER BY count(*) DESC LIMIT 1,What is the area for the appelation which produced the most wines prior to 2010?,"['SELECT' 'T1.Area' 'FROM' 'APPELLATIONS' 'AS' 'T1' 'JOIN' 'WINE' 'AS'
 'T2' 'ON' 'T1.Appelation' '=' 'T2.Appelation' 'GROUP' 'BY'
 'T2.Appelation' 'HAVING' 'T2.year' '<' '2010' 'ORDER' 'BY' 'count' '('
 '*' ')' 'DESC' 'LIMIT' '1']","['select' 't1' '.' 'area' 'from' 'appellations' 'as' 't1' 'join' 'wine'
 'as' 't2' 'on' 't1' '.' 'appelation' '=' 't2' '.' 'appelation' 'group'
 'by' 't2' '.' 'appelation' 'having' 't2' '.' 'year' '<' 'value' 'order'
 'by' 'count' '(' '*' ')' 'desc' 'limit' 'value']","['What' 'is' 'the' 'area' 'for' 'the' 'appelation' 'which' 'produced'
 'the' 'most' 'wines' 'prior' 'to' '2010' '?']",1,1,1,1,1
6565,wine_1,SELECT T1.Color FROM GRAPES AS T1 JOIN WINE AS T2 ON T1.Grape  =  T2.Grape GROUP BY T2.Grape ORDER BY AVG(Price) DESC LIMIT 1,What is the color of the grape whose wine products has the highest average price?,"['SELECT' 'T1.Color' 'FROM' 'GRAPES' 'AS' 'T1' 'JOIN' 'WINE' 'AS' 'T2'
 'ON' 'T1.Grape' '=' 'T2.Grape' 'GROUP' 'BY' 'T2.Grape' 'ORDER' 'BY' 'AVG'
 '(' 'Price' ')' 'DESC' 'LIMIT' '1']","['select' 't1' '.' 'color' 'from' 'grapes' 'as' 't1' 'join' 'wine' 'as'
 't2' 'on' 't1' '.' 'grape' '=' 't2' '.' 'grape' 'group' 'by' 't2' '.'
 'grape' 'order' 'by' 'avg' '(' 'price' ')' 'desc' 'limit' 'value']","['What' 'is' 'the' 'color' 'of' 'the' 'grape' 'whose' 'wine' 'products'
 'has' 'the' 'highest' 'average' 'price' '?']",0,1,1,1,1
6566,wine_1,SELECT T1.Color FROM GRAPES AS T1 JOIN WINE AS T2 ON T1.Grape  =  T2.Grape GROUP BY T2.Grape ORDER BY AVG(Price) DESC LIMIT 1,Give the color of the grape whose wine products have the highest average price?,"['SELECT' 'T1.Color' 'FROM' 'GRAPES' 'AS' 'T1' 'JOIN' 'WINE' 'AS' 'T2'
 'ON' 'T1.Grape' '=' 'T2.Grape' 'GROUP' 'BY' 'T2.Grape' 'ORDER' 'BY' 'AVG'
 '(' 'Price' ')' 'DESC' 'LIMIT' '1']","['select' 't1' '.' 'color' 'from' 'grapes' 'as' 't1' 'join' 'wine' 'as'
 't2' 'on' 't1' '.' 'grape' '=' 't2' '.' 'grape' 'group' 'by' 't2' '.'
 'grape' 'order' 'by' 'avg' '(' 'price' ')' 'desc' 'limit' 'value']","['Give' 'the' 'color' 'of' 'the' 'grape' 'whose' 'wine' 'products' 'have'
 'the' 'highest' 'average' 'price' '?']",0,1,1,1,1
6581,wine_1,SELECT T1.County FROM APPELLATIONS AS T1 JOIN WINE AS T2 ON T1.Appelation  =  T2.Appelation GROUP BY T2.Appelation HAVING count(*)  <=  3,Find the country of all appelations who have at most three wines.,"['SELECT' 'T1.County' 'FROM' 'APPELLATIONS' 'AS' 'T1' 'JOIN' 'WINE' 'AS'
 'T2' 'ON' 'T1.Appelation' '=' 'T2.Appelation' 'GROUP' 'BY'
 'T2.Appelation' 'HAVING' 'count' '(' '*' ')' '<' '=' '3']","['select' 't1' '.' 'county' 'from' 'appellations' 'as' 't1' 'join' 'wine'
 'as' 't2' 'on' 't1' '.' 'appelation' '=' 't2' '.' 'appelation' 'group'
 'by' 't2' '.' 'appelation' 'having' 'count' '(' '*' ')' '<' '=' 'value']","['Find' 'the' 'country' 'of' 'all' 'appelations' 'who' 'have' 'at' 'most'
 'three' 'wines' '.']",1,0,1,1,1
6582,wine_1,SELECT T1.County FROM APPELLATIONS AS T1 JOIN WINE AS T2 ON T1.Appelation  =  T2.Appelation GROUP BY T2.Appelation HAVING count(*)  <=  3,What are the countries for appelations with at most 3 wines?,"['SELECT' 'T1.County' 'FROM' 'APPELLATIONS' 'AS' 'T1' 'JOIN' 'WINE' 'AS'
 'T2' 'ON' 'T1.Appelation' '=' 'T2.Appelation' 'GROUP' 'BY'
 'T2.Appelation' 'HAVING' 'count' '(' '*' ')' '<' '=' '3']","['select' 't1' '.' 'county' 'from' 'appellations' 'as' 't1' 'join' 'wine'
 'as' 't2' 'on' 't1' '.' 'appelation' '=' 't2' '.' 'appelation' 'group'
 'by' 't2' '.' 'appelation' 'having' 'count' '(' '*' ')' '<' '=' 'value']","['What' 'are' 'the' 'countries' 'for' 'appelations' 'with' 'at' 'most' '3'
 'wines' '?']",1,0,1,1,1
6587,wine_1,"SELECT T2.Winery FROM GRAPES AS T1 JOIN WINE AS T2 ON T1.GRAPE  =  T2.GRAPE WHERE T1.Color  =  ""White"" GROUP BY T2.Winery ORDER BY count(*) DESC LIMIT 3",Find the top 3 wineries with the greatest number of wines made of white color grapes.,"['SELECT' 'T2.Winery' 'FROM' 'GRAPES' 'AS' 'T1' 'JOIN' 'WINE' 'AS' 'T2'
 'ON' 'T1.GRAPE' '=' 'T2.GRAPE' 'WHERE' 'T1.Color' '=' '``' 'White' ""''""
 'GROUP' 'BY' 'T2.Winery' 'ORDER' 'BY' 'count' '(' '*' ')' 'DESC' 'LIMIT'
 '3']","['select' 't2' '.' 'winery' 'from' 'grapes' 'as' 't1' 'join' 'wine' 'as'
 't2' 'on' 't1' '.' 'grape' '=' 't2' '.' 'grape' 'where' 't1' '.' 'color'
 '=' 'value' 'group' 'by' 't2' '.' 'winery' 'order' 'by' 'count' '(' '*'
 ')' 'desc' 'limit' 'value']","['Find' 'the' 'top' '3' 'wineries' 'with' 'the' 'greatest' 'number' 'of'
 'wines' 'made' 'of' 'white' 'color' 'grapes' '.']",0,1,1,1,1
6588,wine_1,"SELECT T2.Winery FROM GRAPES AS T1 JOIN WINE AS T2 ON T1.GRAPE  =  T2.GRAPE WHERE T1.Color  =  ""White"" GROUP BY T2.Winery ORDER BY count(*) DESC LIMIT 3",Which 3 wineries produce the most wines made from white grapes?,"['SELECT' 'T2.Winery' 'FROM' 'GRAPES' 'AS' 'T1' 'JOIN' 'WINE' 'AS' 'T2'
 'ON' 'T1.GRAPE' '=' 'T2.GRAPE' 'WHERE' 'T1.Color' '=' '``' 'White' ""''""
 'GROUP' 'BY' 'T2.Winery' 'ORDER' 'BY' 'count' '(' '*' ')' 'DESC' 'LIMIT'
 '3']","['select' 't2' '.' 'winery' 'from' 'grapes' 'as' 't1' 'join' 'wine' 'as'
 't2' 'on' 't1' '.' 'grape' '=' 't2' '.' 'grape' 'where' 't1' '.' 'color'
 '=' 'value' 'group' 'by' 't2' '.' 'winery' 'order' 'by' 'count' '(' '*'
 ')' 'desc' 'limit' 'value']","['Which' '3' 'wineries' 'produce' 'the' 'most' 'wines' 'made' 'from'
 'white' 'grapes' '?']",0,1,1,1,1
6619,train_station,"SELECT T2.name FROM train_station AS T1 JOIN station AS T2 ON T1.station_id  =  T2.station_id JOIN train AS T3 ON T3.train_id  =  T1.train_id WHERE T3.Name  =  ""Ananthapuri Express"" INTERSECT SELECT T2.name FROM train_station AS T1 JOIN station AS T2 ON T1.station_id  =  T2.station_id JOIN train AS T3 ON T3.train_id  =  T1.train_id WHERE T3.Name  =  ""Guruvayur Express""","What are the names of the stations which serve both ""Ananthapuri Express"" and ""Guruvayur Express"" trains?","['SELECT' 'T2.name' 'FROM' 'train_station' 'AS' 'T1' 'JOIN' 'station' 'AS'
 'T2' 'ON' 'T1.station_id' '=' 'T2.station_id' 'JOIN' 'train' 'AS' 'T3'
 'ON' 'T3.train_id' '=' 'T1.train_id' 'WHERE' 'T3.Name' '=' '``'
 'Ananthapuri' 'Express' ""''"" 'INTERSECT' 'SELECT' 'T2.name' 'FROM'
 'train_station' 'AS' 'T1' 'JOIN' 'station' 'AS' 'T2' 'ON' 'T1.station_id'
 '=' 'T2.station_id' 'JOIN' 'train' 'AS' 'T3' 'ON' 'T3.train_id' '='
 'T1.train_id' 'WHERE' 'T3.Name' '=' '``' 'Guruvayur' 'Express' ""''""]","['select' 't2' '.' 'name' 'from' 'train_station' 'as' 't1' 'join'
 'station' 'as' 't2' 'on' 't1' '.' 'station_id' '=' 't2' '.' 'station_id'
 'join' 'train' 'as' 't3' 'on' 't3' '.' 'train_id' '=' 't1' '.' 'train_id'
 'where' 't3' '.' 'name' '=' 'value' 'intersect' 'select' 't2' '.' 'name'
 'from' 'train_station' 'as' 't1' 'join' 'station' 'as' 't2' 'on' 't1' '.'
 'station_id' '=' 't2' '.' 'station_id' 'join' 'train' 'as' 't3' 'on' 't3'
 '.' 'train_id' '=' 't1' '.' 'train_id' 'where' 't3' '.' 'name' '='
 'value']","['What' 'are' 'the' 'names' 'of' 'the' 'stations' 'which' 'serve' 'both'
 '``' 'Ananthapuri' 'Express' ""''"" 'and' '``' 'Guruvayur' 'Express' ""''""
 'trains' '?']",0,0,0,4,2
6689,driving_school,SELECT T2.city FROM Customers AS T1 JOIN Addresses AS T2 ON T1.customer_address_id = T2.address_id GROUP BY T2.city ORDER BY count(*) DESC LIMIT 1;,What is the city with the most customers?,"['SELECT' 'T2.city' 'FROM' 'Customers' 'AS' 'T1' 'JOIN' 'Addresses' 'AS'
 'T2' 'ON' 'T1.customer_address_id' '=' 'T2.address_id' 'GROUP' 'BY'
 'T2.city' 'ORDER' 'BY' 'count' '(' '*' ')' 'DESC' 'LIMIT' '1' ';']","['select' 't2' '.' 'city' 'from' 'customers' 'as' 't1' 'join' 'addresses'
 'as' 't2' 'on' 't1' '.' 'customer_address_id' '=' 't2' '.' 'address_id'
 'group' 'by' 't2' '.' 'city' 'order' 'by' 'count' '(' '*' ')' 'desc'
 'limit' 'value']",['What' 'is' 'the' 'city' 'with' 'the' 'most' 'customers' '?'],0,1,1,1,1
6759,activity_1,"SELECT T1.fname ,  T1.lname FROM Faculty AS T1 JOIN Student AS T2 ON T1.FacID  =  T2.advisor GROUP BY T1.FacID ORDER BY count(*) DESC LIMIT 1",What are the first and last name of the faculty who has the most students?,"['SELECT' 'T1.fname' ',' 'T1.lname' 'FROM' 'Faculty' 'AS' 'T1' 'JOIN'
 'Student' 'AS' 'T2' 'ON' 'T1.FacID' '=' 'T2.advisor' 'GROUP' 'BY'
 'T1.FacID' 'ORDER' 'BY' 'count' '(' '*' ')' 'DESC' 'LIMIT' '1']","['select' 't1' '.' 'fname' ',' 't1' '.' 'lname' 'from' 'faculty' 'as' 't1'
 'join' 'student' 'as' 't2' 'on' 't1' '.' 'facid' '=' 't2' '.' 'advisor'
 'group' 'by' 't1' '.' 'facid' 'order' 'by' 'count' '(' '*' ')' 'desc'
 'limit' 'value']","['What' 'are' 'the' 'first' 'and' 'last' 'name' 'of' 'the' 'faculty' 'who'
 'has' 'the' 'most' 'students' '?']",0,1,1,1,1
6799,activity_1,SELECT T1.lname FROM Faculty AS T1 JOIN Faculty_participates_in AS T2 ON T1.facID  =  T2.facID JOIN activity AS T3 ON T2.actid  =  T2.actid WHERE T3.activity_name  =  'Canoeing' INTERSECT SELECT T1.lname FROM Faculty AS T1 JOIN Faculty_participates_in AS T2 ON T1.facID  =  T2.facID JOIN activity AS T3 ON T2.actid  =  T2.actid WHERE T3.activity_name  =  'Kayaking',Find the first names of the faculty members who participate in Canoeing and Kayaking.,"['SELECT' 'T1.lname' 'FROM' 'Faculty' 'AS' 'T1' 'JOIN'
 'Faculty_participates_in' 'AS' 'T2' 'ON' 'T1.facID' '=' 'T2.facID' 'JOIN'
 'activity' 'AS' 'T3' 'ON' 'T2.actid' '=' 'T2.actid' 'WHERE'
 'T3.activity_name' '=' ""'Canoeing"" ""'"" 'INTERSECT' 'SELECT' 'T1.lname'
 'FROM' 'Faculty' 'AS' 'T1' 'JOIN' 'Faculty_participates_in' 'AS' 'T2'
 'ON' 'T1.facID' '=' 'T2.facID' 'JOIN' 'activity' 'AS' 'T3' 'ON'
 'T2.actid' '=' 'T2.actid' 'WHERE' 'T3.activity_name' '=' ""'Kayaking"" ""'""]","['select' 't1' '.' 'lname' 'from' 'faculty' 'as' 't1' 'join'
 'faculty_participates_in' 'as' 't2' 'on' 't1' '.' 'facid' '=' 't2' '.'
 'facid' 'join' 'activity' 'as' 't3' 'on' 't2' '.' 'actid' '=' 't2' '.'
 'actid' 'where' 't3' '.' 'activity_name' '=' 'value' 'intersect' 'select'
 't1' '.' 'lname' 'from' 'faculty' 'as' 't1' 'join'
 'faculty_participates_in' 'as' 't2' 'on' 't1' '.' 'facid' '=' 't2' '.'
 'facid' 'join' 'activity' 'as' 't3' 'on' 't2' '.' 'actid' '=' 't2' '.'
 'actid' 'where' 't3' '.' 'activity_name' '=' 'value']","['Find' 'the' 'first' 'names' 'of' 'the' 'faculty' 'members' 'who'
 'participate' 'in' 'Canoeing' 'and' 'Kayaking' '.']",0,0,0,4,2
6800,activity_1,SELECT T1.lname FROM Faculty AS T1 JOIN Faculty_participates_in AS T2 ON T1.facID  =  T2.facID JOIN activity AS T3 ON T2.actid  =  T2.actid WHERE T3.activity_name  =  'Canoeing' INTERSECT SELECT T1.lname FROM Faculty AS T1 JOIN Faculty_participates_in AS T2 ON T1.facID  =  T2.facID JOIN activity AS T3 ON T2.actid  =  T2.actid WHERE T3.activity_name  =  'Kayaking',What are the first names of the faculty members playing both Canoeing and Kayaking?,"['SELECT' 'T1.lname' 'FROM' 'Faculty' 'AS' 'T1' 'JOIN'
 'Faculty_participates_in' 'AS' 'T2' 'ON' 'T1.facID' '=' 'T2.facID' 'JOIN'
 'activity' 'AS' 'T3' 'ON' 'T2.actid' '=' 'T2.actid' 'WHERE'
 'T3.activity_name' '=' ""'Canoeing"" ""'"" 'INTERSECT' 'SELECT' 'T1.lname'
 'FROM' 'Faculty' 'AS' 'T1' 'JOIN' 'Faculty_participates_in' 'AS' 'T2'
 'ON' 'T1.facID' '=' 'T2.facID' 'JOIN' 'activity' 'AS' 'T3' 'ON'
 'T2.actid' '=' 'T2.actid' 'WHERE' 'T3.activity_name' '=' ""'Kayaking"" ""'""]","['select' 't1' '.' 'lname' 'from' 'faculty' 'as' 't1' 'join'
 'faculty_participates_in' 'as' 't2' 'on' 't1' '.' 'facid' '=' 't2' '.'
 'facid' 'join' 'activity' 'as' 't3' 'on' 't2' '.' 'actid' '=' 't2' '.'
 'actid' 'where' 't3' '.' 'activity_name' '=' 'value' 'intersect' 'select'
 't1' '.' 'lname' 'from' 'faculty' 'as' 't1' 'join'
 'faculty_participates_in' 'as' 't2' 'on' 't1' '.' 'facid' '=' 't2' '.'
 'facid' 'join' 'activity' 'as' 't3' 'on' 't2' '.' 'actid' '=' 't2' '.'
 'actid' 'where' 't3' '.' 'activity_name' '=' 'value']","['What' 'are' 'the' 'first' 'names' 'of' 'the' 'faculty' 'members'
 'playing' 'both' 'Canoeing' 'and' 'Kayaking' '?']",0,0,0,4,2
6857,flight_4,SELECT city FROM airports GROUP BY city HAVING count(*)  >  2 ORDER BY count(*),List the cities which have more than 2 airports sorted by the number of airports.,"['SELECT' 'city' 'FROM' 'airports' 'GROUP' 'BY' 'city' 'HAVING' 'count'
 '(' '*' ')' '>' '2' 'ORDER' 'BY' 'count' '(' '*' ')']","['select' 'city' 'from' 'airports' 'group' 'by' 'city' 'having' 'count'
 '(' '*' ')' '>' 'value' 'order' 'by' 'count' '(' '*' ')']","['List' 'the' 'cities' 'which' 'have' 'more' 'than' '2' 'airports'
 'sorted' 'by' 'the' 'number' 'of' 'airports' '.']",1,1,1,0,1
6900,tracking_orders,SELECT T1.customer_id FROM customers AS T1 JOIN orders AS T2 ON T1.customer_id  =  T2.customer_id GROUP BY T1.customer_id ORDER BY count(*) DESC LIMIT 1,Find the id of the customer who made the most orders.,"['SELECT' 'T1.customer_id' 'FROM' 'customers' 'AS' 'T1' 'JOIN' 'orders'
 'AS' 'T2' 'ON' 'T1.customer_id' '=' 'T2.customer_id' 'GROUP' 'BY'
 'T1.customer_id' 'ORDER' 'BY' 'count' '(' '*' ')' 'DESC' 'LIMIT' '1']","['select' 't1' '.' 'customer_id' 'from' 'customers' 'as' 't1' 'join'
 'orders' 'as' 't2' 'on' 't1' '.' 'customer_id' '=' 't2' '.' 'customer_id'
 'group' 'by' 't1' '.' 'customer_id' 'order' 'by' 'count' '(' '*' ')'
 'desc' 'limit' 'value']","['Find' 'the' 'id' 'of' 'the' 'customer' 'who' 'made' 'the' 'most'
 'orders' '.']",0,1,1,1,1
6917,tracking_orders,"SELECT count(*) ,  T3.product_id FROM orders AS T1 JOIN order_items AS T2 JOIN products AS T3 ON T1.order_id = T2.order_id AND T2.product_id = T3.product_id GROUP BY T3.product_id",List the count and id of each product in all the orders.,"['SELECT' 'count' '(' '*' ')' ',' 'T3.product_id' 'FROM' 'orders' 'AS'
 'T1' 'JOIN' 'order_items' 'AS' 'T2' 'JOIN' 'products' 'AS' 'T3' 'ON'
 'T1.order_id' '=' 'T2.order_id' 'AND' 'T2.product_id' '=' 'T3.product_id'
 'GROUP' 'BY' 'T3.product_id']","['select' 'count' '(' '*' ')' ',' 't3' '.' 'product_id' 'from' 'orders'
 'as' 't1' 'join' 'order_items' 'as' 't2' 'join' 'products' 'as' 't3' 'on'
 't1' '.' 'order_id' '=' 't2' '.' 'order_id' 'and' 't2' '.' 'product_id'
 '=' 't3' '.' 'product_id' 'group' 'by' 't3' '.' 'product_id']","['List' 'the' 'count' 'and' 'id' 'of' 'each' 'product' 'in' 'all' 'the'
 'orders' '.']",0,0,1,2,1
6918,tracking_orders,"SELECT count(*) ,  T3.product_id FROM orders AS T1 JOIN order_items AS T2 JOIN products AS T3 ON T1.order_id = T2.order_id AND T2.product_id = T3.product_id GROUP BY T3.product_id","For each product, return its id and the number of times it was ordered.","['SELECT' 'count' '(' '*' ')' ',' 'T3.product_id' 'FROM' 'orders' 'AS'
 'T1' 'JOIN' 'order_items' 'AS' 'T2' 'JOIN' 'products' 'AS' 'T3' 'ON'
 'T1.order_id' '=' 'T2.order_id' 'AND' 'T2.product_id' '=' 'T3.product_id'
 'GROUP' 'BY' 'T3.product_id']","['select' 'count' '(' '*' ')' ',' 't3' '.' 'product_id' 'from' 'orders'
 'as' 't1' 'join' 'order_items' 'as' 't2' 'join' 'products' 'as' 't3' 'on'
 't1' '.' 'order_id' '=' 't2' '.' 'order_id' 'and' 't2' '.' 'product_id'
 '=' 't3' '.' 'product_id' 'group' 'by' 't3' '.' 'product_id']","['For' 'each' 'product' ',' 'return' 'its' 'id' 'and' 'the' 'number' 'of'
 'times' 'it' 'was' 'ordered' '.']",0,0,1,2,1
6919,tracking_orders,"SELECT T3.product_name ,  count(*) FROM orders AS T1 JOIN order_items AS T2 JOIN products AS T3 ON T1.order_id = T2.order_id AND T2.product_id = T3.product_id GROUP BY T3.product_id",List the name and count of each product in all orders.,"['SELECT' 'T3.product_name' ',' 'count' '(' '*' ')' 'FROM' 'orders' 'AS'
 'T1' 'JOIN' 'order_items' 'AS' 'T2' 'JOIN' 'products' 'AS' 'T3' 'ON'
 'T1.order_id' '=' 'T2.order_id' 'AND' 'T2.product_id' '=' 'T3.product_id'
 'GROUP' 'BY' 'T3.product_id']","['select' 't3' '.' 'product_name' ',' 'count' '(' '*' ')' 'from' 'orders'
 'as' 't1' 'join' 'order_items' 'as' 't2' 'join' 'products' 'as' 't3' 'on'
 't1' '.' 'order_id' '=' 't2' '.' 'order_id' 'and' 't2' '.' 'product_id'
 '=' 't3' '.' 'product_id' 'group' 'by' 't3' '.' 'product_id']","['List' 'the' 'name' 'and' 'count' 'of' 'each' 'product' 'in' 'all'
 'orders' '.']",0,0,1,2,1
6920,tracking_orders,"SELECT T3.product_name ,  count(*) FROM orders AS T1 JOIN order_items AS T2 JOIN products AS T3 ON T1.order_id = T2.order_id AND T2.product_id = T3.product_id GROUP BY T3.product_id","For each product, show its name and the number of times it was ordered.","['SELECT' 'T3.product_name' ',' 'count' '(' '*' ')' 'FROM' 'orders' 'AS'
 'T1' 'JOIN' 'order_items' 'AS' 'T2' 'JOIN' 'products' 'AS' 'T3' 'ON'
 'T1.order_id' '=' 'T2.order_id' 'AND' 'T2.product_id' '=' 'T3.product_id'
 'GROUP' 'BY' 'T3.product_id']","['select' 't3' '.' 'product_name' ',' 'count' '(' '*' ')' 'from' 'orders'
 'as' 't1' 'join' 'order_items' 'as' 't2' 'join' 'products' 'as' 't3' 'on'
 't1' '.' 'order_id' '=' 't2' '.' 'order_id' 'and' 't2' '.' 'product_id'
 '=' 't3' '.' 'product_id' 'group' 'by' 't3' '.' 'product_id']","['For' 'each' 'product' ',' 'show' 'its' 'name' 'and' 'the' 'number' 'of'
 'times' 'it' 'was' 'ordered' '.']",0,0,1,2,1
6929,tracking_orders,SELECT T1.order_id FROM orders AS T1 JOIN order_items AS T2 ON T1.order_id = T2.order_id GROUP BY T1.order_id ORDER BY count(*) DESC LIMIT 1,What is the id of the order which has the most items?,"['SELECT' 'T1.order_id' 'FROM' 'orders' 'AS' 'T1' 'JOIN' 'order_items'
 'AS' 'T2' 'ON' 'T1.order_id' '=' 'T2.order_id' 'GROUP' 'BY' 'T1.order_id'
 'ORDER' 'BY' 'count' '(' '*' ')' 'DESC' 'LIMIT' '1']","['select' 't1' '.' 'order_id' 'from' 'orders' 'as' 't1' 'join'
 'order_items' 'as' 't2' 'on' 't1' '.' 'order_id' '=' 't2' '.' 'order_id'
 'group' 'by' 't1' '.' 'order_id' 'order' 'by' 'count' '(' '*' ')' 'desc'
 'limit' 'value']","['What' 'is' 'the' 'id' 'of' 'the' 'order' 'which' 'has' 'the' 'most'
 'items' '?']",0,1,1,1,1
6930,tracking_orders,SELECT T1.order_id FROM orders AS T1 JOIN order_items AS T2 ON T1.order_id = T2.order_id GROUP BY T1.order_id ORDER BY count(*) DESC LIMIT 1,Which order deals with the most items? Return the order id.,"['SELECT' 'T1.order_id' 'FROM' 'orders' 'AS' 'T1' 'JOIN' 'order_items'
 'AS' 'T2' 'ON' 'T1.order_id' '=' 'T2.order_id' 'GROUP' 'BY' 'T1.order_id'
 'ORDER' 'BY' 'count' '(' '*' ')' 'DESC' 'LIMIT' '1']","['select' 't1' '.' 'order_id' 'from' 'orders' 'as' 't1' 'join'
 'order_items' 'as' 't2' 'on' 't1' '.' 'order_id' '=' 't2' '.' 'order_id'
 'group' 'by' 't1' '.' 'order_id' 'order' 'by' 'count' '(' '*' ')' 'desc'
 'limit' 'value']","['Which' 'order' 'deals' 'with' 'the' 'most' 'items' '?' 'Return' 'the'
 'order' 'id' '.']",0,1,1,1,1
6941,tracking_orders,"SELECT T1.customer_name FROM customers AS T1 JOIN orders AS T2 JOIN order_items AS T3 JOIN products AS T4 ON T1.customer_id = T2.customer_id AND T2.order_id = T3.order_id AND T3.product_id = T4.product_id WHERE T4.product_name = ""food"" GROUP BY T1.customer_id HAVING count(*)  >=  1","List the names of the customers who have once bought product ""food"".","['SELECT' 'T1.customer_name' 'FROM' 'customers' 'AS' 'T1' 'JOIN' 'orders'
 'AS' 'T2' 'JOIN' 'order_items' 'AS' 'T3' 'JOIN' 'products' 'AS' 'T4' 'ON'
 'T1.customer_id' '=' 'T2.customer_id' 'AND' 'T2.order_id' '='
 'T3.order_id' 'AND' 'T3.product_id' '=' 'T4.product_id' 'WHERE'
 'T4.product_name' '=' '``' 'food' ""''"" 'GROUP' 'BY' 'T1.customer_id'
 'HAVING' 'count' '(' '*' ')' '>' '=' '1']","['select' 't1' '.' 'customer_name' 'from' 'customers' 'as' 't1' 'join'
 'orders' 'as' 't2' 'join' 'order_items' 'as' 't3' 'join' 'products' 'as'
 't4' 'on' 't1' '.' 'customer_id' '=' 't2' '.' 'customer_id' 'and' 't2'
 '.' 'order_id' '=' 't3' '.' 'order_id' 'and' 't3' '.' 'product_id' '='
 't4' '.' 'product_id' 'where' 't4' '.' 'product_name' '=' 'value' 'group'
 'by' 't1' '.' 'customer_id' 'having' 'count' '(' '*' ')' '>' '=' 'value']","['List' 'the' 'names' 'of' 'the' 'customers' 'who' 'have' 'once' 'bought'
 'product' '``' 'food' ""''"" '.']",1,0,1,3,1
6942,tracking_orders,"SELECT T1.customer_name FROM customers AS T1 JOIN orders AS T2 JOIN order_items AS T3 JOIN products AS T4 ON T1.customer_id = T2.customer_id AND T2.order_id = T3.order_id AND T3.product_id = T4.product_id WHERE T4.product_name = ""food"" GROUP BY T1.customer_id HAVING count(*)  >=  1","What are the names of the customers who bought product ""food"" at least once?","['SELECT' 'T1.customer_name' 'FROM' 'customers' 'AS' 'T1' 'JOIN' 'orders'
 'AS' 'T2' 'JOIN' 'order_items' 'AS' 'T3' 'JOIN' 'products' 'AS' 'T4' 'ON'
 'T1.customer_id' '=' 'T2.customer_id' 'AND' 'T2.order_id' '='
 'T3.order_id' 'AND' 'T3.product_id' '=' 'T4.product_id' 'WHERE'
 'T4.product_name' '=' '``' 'food' ""''"" 'GROUP' 'BY' 'T1.customer_id'
 'HAVING' 'count' '(' '*' ')' '>' '=' '1']","['select' 't1' '.' 'customer_name' 'from' 'customers' 'as' 't1' 'join'
 'orders' 'as' 't2' 'join' 'order_items' 'as' 't3' 'join' 'products' 'as'
 't4' 'on' 't1' '.' 'customer_id' '=' 't2' '.' 'customer_id' 'and' 't2'
 '.' 'order_id' '=' 't3' '.' 'order_id' 'and' 't3' '.' 'product_id' '='
 't4' '.' 'product_id' 'where' 't4' '.' 'product_name' '=' 'value' 'group'
 'by' 't1' '.' 'customer_id' 'having' 'count' '(' '*' ')' '>' '=' 'value']","['What' 'are' 'the' 'names' 'of' 'the' 'customers' 'who' 'bought'
 'product' '``' 'food' ""''"" 'at' 'least' 'once' '?']",1,0,1,3,1
6943,tracking_orders,"SELECT T1.customer_name FROM customers AS T1 JOIN orders AS T2 JOIN order_items AS T3 JOIN products AS T4 ON T1.customer_id = T2.customer_id AND T2.order_id = T3.order_id AND T3.product_id = T4.product_id WHERE T3.order_item_status = ""Cancel"" AND T4.product_name = ""food"" GROUP BY T1.customer_id HAVING count(*)  >=  1","List the names of customers who have once canceled the purchase of the product ""food"" (the item status is ""Cancel"").","['SELECT' 'T1.customer_name' 'FROM' 'customers' 'AS' 'T1' 'JOIN' 'orders'
 'AS' 'T2' 'JOIN' 'order_items' 'AS' 'T3' 'JOIN' 'products' 'AS' 'T4' 'ON'
 'T1.customer_id' '=' 'T2.customer_id' 'AND' 'T2.order_id' '='
 'T3.order_id' 'AND' 'T3.product_id' '=' 'T4.product_id' 'WHERE'
 'T3.order_item_status' '=' '``' 'Cancel' ""''"" 'AND' 'T4.product_name' '='
 '``' 'food' ""''"" 'GROUP' 'BY' 'T1.customer_id' 'HAVING' 'count' '(' '*'
 ')' '>' '=' '1']","['select' 't1' '.' 'customer_name' 'from' 'customers' 'as' 't1' 'join'
 'orders' 'as' 't2' 'join' 'order_items' 'as' 't3' 'join' 'products' 'as'
 't4' 'on' 't1' '.' 'customer_id' '=' 't2' '.' 'customer_id' 'and' 't2'
 '.' 'order_id' '=' 't3' '.' 'order_id' 'and' 't3' '.' 'product_id' '='
 't4' '.' 'product_id' 'where' 't3' '.' 'order_item_status' '=' 'value'
 'and' 't4' '.' 'product_name' '=' 'value' 'group' 'by' 't1' '.'
 'customer_id' 'having' 'count' '(' '*' ')' '>' '=' 'value']","['List' 'the' 'names' 'of' 'customers' 'who' 'have' 'once' 'canceled'
 'the' 'purchase' 'of' 'the' 'product' '``' 'food' ""''"" '(' 'the' 'item'
 'status' 'is' '``' 'Cancel' ""''"" ')' '.']",1,0,1,3,1
6944,tracking_orders,"SELECT T1.customer_name FROM customers AS T1 JOIN orders AS T2 JOIN order_items AS T3 JOIN products AS T4 ON T1.customer_id = T2.customer_id AND T2.order_id = T3.order_id AND T3.product_id = T4.product_id WHERE T3.order_item_status = ""Cancel"" AND T4.product_name = ""food"" GROUP BY T1.customer_id HAVING count(*)  >=  1","Which customers have ever canceled the purchase of the product ""food"" (the item status is ""Cancel"")?","['SELECT' 'T1.customer_name' 'FROM' 'customers' 'AS' 'T1' 'JOIN' 'orders'
 'AS' 'T2' 'JOIN' 'order_items' 'AS' 'T3' 'JOIN' 'products' 'AS' 'T4' 'ON'
 'T1.customer_id' '=' 'T2.customer_id' 'AND' 'T2.order_id' '='
 'T3.order_id' 'AND' 'T3.product_id' '=' 'T4.product_id' 'WHERE'
 'T3.order_item_status' '=' '``' 'Cancel' ""''"" 'AND' 'T4.product_name' '='
 '``' 'food' ""''"" 'GROUP' 'BY' 'T1.customer_id' 'HAVING' 'count' '(' '*'
 ')' '>' '=' '1']","['select' 't1' '.' 'customer_name' 'from' 'customers' 'as' 't1' 'join'
 'orders' 'as' 't2' 'join' 'order_items' 'as' 't3' 'join' 'products' 'as'
 't4' 'on' 't1' '.' 'customer_id' '=' 't2' '.' 'customer_id' 'and' 't2'
 '.' 'order_id' '=' 't3' '.' 'order_id' 'and' 't3' '.' 'product_id' '='
 't4' '.' 'product_id' 'where' 't3' '.' 'order_item_status' '=' 'value'
 'and' 't4' '.' 'product_name' '=' 'value' 'group' 'by' 't1' '.'
 'customer_id' 'having' 'count' '(' '*' ')' '>' '=' 'value']","['Which' 'customers' 'have' 'ever' 'canceled' 'the' 'purchase' 'of' 'the'
 'product' '``' 'food' ""''"" '(' 'the' 'item' 'status' 'is' '``' 'Cancel'
 ""''"" ')' '?']",1,0,1,3,1
6955,architecture,"SELECT T1.id ,  T1.name ,  T1.gender FROM architect AS T1 JOIN bridge AS T2 ON T1.id  =  T2.architect_id GROUP BY T1.id HAVING count(*)  =  2 UNION SELECT T1.id ,  T1.name ,  T1.gender FROM architect AS T1 JOIN mill AS T2 ON T1.id  =  T2.architect_id GROUP BY T1.id HAVING count(*)  =  1","What are the ids, names and genders of the architects who built two bridges or one mill?","['SELECT' 'T1.id' ',' 'T1.name' ',' 'T1.gender' 'FROM' 'architect' 'AS'
 'T1' 'JOIN' 'bridge' 'AS' 'T2' 'ON' 'T1.id' '=' 'T2.architect_id' 'GROUP'
 'BY' 'T1.id' 'HAVING' 'count' '(' '*' ')' '=' '2' 'UNION' 'SELECT'
 'T1.id' ',' 'T1.name' ',' 'T1.gender' 'FROM' 'architect' 'AS' 'T1' 'JOIN'
 'mill' 'AS' 'T2' 'ON' 'T1.id' '=' 'T2.architect_id' 'GROUP' 'BY' 'T1.id'
 'HAVING' 'count' '(' '*' ')' '=' '1']","['select' 't1' '.' 'id' ',' 't1' '.' 'name' ',' 't1' '.' 'gender' 'from'
 'architect' 'as' 't1' 'join' 'bridge' 'as' 't2' 'on' 't1' '.' 'id' '='
 't2' '.' 'architect_id' 'group' 'by' 't1' '.' 'id' 'having' 'count' '('
 '*' ')' '=' 'value' 'union' 'select' 't1' '.' 'id' ',' 't1' '.' 'name'
 ',' 't1' '.' 'gender' 'from' 'architect' 'as' 't1' 'join' 'mill' 'as'
 't2' 'on' 't1' '.' 'id' '=' 't2' '.' 'architect_id' 'group' 'by' 't1' '.'
 'id' 'having' 'count' '(' '*' ')' '=' 'value']","['What' 'are' 'the' 'ids' ',' 'names' 'and' 'genders' 'of' 'the'
 'architects' 'who' 'built' 'two' 'bridges' 'or' 'one' 'mill' '?']",2,0,2,2,2
7059,pets_1,select t1.fname from student as t1 join has_pet as t2 on t1.stuid  =  t2.stuid join pets as t3 on t3.petid  =  t2.petid where t3.pettype  =  'cat' intersect select t1.fname from student as t1 join has_pet as t2 on t1.stuid  =  t2.stuid join pets as t3 on t3.petid  =  t2.petid where t3.pettype  =  'dog',Find the first name of students who have both cat and dog pets .,"['select' 't1.fname' 'from' 'student' 'as' 't1' 'join' 'has_pet' 'as' 't2'
 'on' 't1.stuid' '=' 't2.stuid' 'join' 'pets' 'as' 't3' 'on' 't3.petid'
 '=' 't2.petid' 'where' 't3.pettype' '=' '""cat""' 'intersect' 'select'
 't1.fname' 'from' 'student' 'as' 't1' 'join' 'has_pet' 'as' 't2' 'on'
 't1.stuid' '=' 't2.stuid' 'join' 'pets' 'as' 't3' 'on' 't3.petid' '='
 't2.petid' 'where' 't3.pettype' '=' '""dog""']","['select' 't1' '.' 'fname' 'from' 'student' 'as' 't1' 'join' 'has_pet'
 'as' 't2' 'on' 't1' '.' 'stuid' '=' 't2' '.' 'stuid' 'join' 'pets' 'as'
 't3' 'on' 't3' '.' 'petid' '=' 't2' '.' 'petid' 'where' 't3' '.'
 'pettype' '=' 'value' 'intersect' 'select' 't1' '.' 'fname' 'from'
 'student' 'as' 't1' 'join' 'has_pet' 'as' 't2' 'on' 't1' '.' 'stuid' '='
 't2' '.' 'stuid' 'join' 'pets' 'as' 't3' 'on' 't3' '.' 'petid' '=' 't2'
 '.' 'petid' 'where' 't3' '.' 'pettype' '=' 'value']","['Find' 'the' 'first' 'name' 'of' 'students' 'who' 'have' 'both' 'cat'
 'and' 'dog' 'pets' '.']",0,0,0,4,2
7060,pets_1,SELECT T1.Fname FROM student AS T1 JOIN has_pet AS T2 ON T1.stuid  =  T2.stuid JOIN pets AS T3 ON T3.petid  =  T2.petid WHERE T3.pettype  =  'cat' INTERSECT SELECT T1.Fname FROM student AS T1 JOIN has_pet AS T2 ON T1.stuid  =  T2.stuid JOIN pets AS T3 ON T3.petid  =  T2.petid WHERE T3.pettype  =  'dog',What are the students' first names who have both cats and dogs as pets?,"['SELECT' 'T1.Fname' 'FROM' 'student' 'AS' 'T1' 'JOIN' 'has_pet' 'AS' 'T2'
 'ON' 'T1.stuid' '=' 'T2.stuid' 'JOIN' 'pets' 'AS' 'T3' 'ON' 'T3.petid'
 '=' 'T2.petid' 'WHERE' 'T3.pettype' '=' ""'cat"" ""'"" 'INTERSECT' 'SELECT'
 'T1.Fname' 'FROM' 'student' 'AS' 'T1' 'JOIN' 'has_pet' 'AS' 'T2' 'ON'
 'T1.stuid' '=' 'T2.stuid' 'JOIN' 'pets' 'AS' 'T3' 'ON' 'T3.petid' '='
 'T2.petid' 'WHERE' 'T3.pettype' '=' ""'dog"" ""'""]","['select' 't1' '.' 'fname' 'from' 'student' 'as' 't1' 'join' 'has_pet'
 'as' 't2' 'on' 't1' '.' 'stuid' '=' 't2' '.' 'stuid' 'join' 'pets' 'as'
 't3' 'on' 't3' '.' 'petid' '=' 't2' '.' 'petid' 'where' 't3' '.'
 'pettype' '=' 'value' 'intersect' 'select' 't1' '.' 'fname' 'from'
 'student' 'as' 't1' 'join' 'has_pet' 'as' 't2' 'on' 't1' '.' 'stuid' '='
 't2' '.' 'stuid' 'join' 'pets' 'as' 't3' 'on' 't3' '.' 'petid' '=' 't2'
 '.' 'petid' 'where' 't3' '.' 'pettype' '=' 'value']","['What' 'are' 'the' 'students' ""'"" 'first' 'names' 'who' 'have' 'both'
 'cats' 'and' 'dogs' 'as' 'pets' '?']",0,0,0,4,2
7065,pets_1,"SELECT T1.fname ,  T1.age FROM student AS T1 JOIN has_pet AS T2 ON T1.stuid  =  T2.stuid JOIN pets AS T3 ON T3.petid  =  T2.petid WHERE T3.pettype  =  'dog' AND T1.stuid NOT IN (SELECT T1.stuid FROM student AS T1 JOIN has_pet AS T2 ON T1.stuid  =  T2.stuid JOIN pets AS T3 ON T3.petid  =  T2.petid WHERE T3.pettype  =  'cat')",Find the first name and age of students who have a dog but do not have a cat as a pet.,"['SELECT' 'T1.fname' ',' 'T1.age' 'FROM' 'student' 'AS' 'T1' 'JOIN'
 'has_pet' 'AS' 'T2' 'ON' 'T1.stuid' '=' 'T2.stuid' 'JOIN' 'pets' 'AS'
 'T3' 'ON' 'T3.petid' '=' 'T2.petid' 'WHERE' 'T3.pettype' '=' ""'dog"" ""'""
 'AND' 'T1.stuid' 'NOT' 'IN' '(' 'SELECT' 'T1.stuid' 'FROM' 'student' 'AS'
 'T1' 'JOIN' 'has_pet' 'AS' 'T2' 'ON' 'T1.stuid' '=' 'T2.stuid' 'JOIN'
 'pets' 'AS' 'T3' 'ON' 'T3.petid' '=' 'T2.petid' 'WHERE' 'T3.pettype' '='
 ""'cat"" ""'"" ')']","['select' 't1' '.' 'fname' ',' 't1' '.' 'age' 'from' 'student' 'as' 't1'
 'join' 'has_pet' 'as' 't2' 'on' 't1' '.' 'stuid' '=' 't2' '.' 'stuid'
 'join' 'pets' 'as' 't3' 'on' 't3' '.' 'petid' '=' 't2' '.' 'petid'
 'where' 't3' '.' 'pettype' '=' 'value' 'and' 't1' '.' 'stuid' 'not' 'in'
 '(' 'select' 't1' '.' 'stuid' 'from' 'student' 'as' 't1' 'join' 'has_pet'
 'as' 't2' 'on' 't1' '.' 'stuid' '=' 't2' '.' 'stuid' 'join' 'pets' 'as'
 't3' 'on' 't3' '.' 'petid' '=' 't2' '.' 'petid' 'where' 't3' '.'
 'pettype' '=' 'value' ')']","['Find' 'the' 'first' 'name' 'and' 'age' 'of' 'students' 'who' 'have' 'a'
 'dog' 'but' 'do' 'not' 'have' 'a' 'cat' 'as' 'a' 'pet' '.']",0,0,0,4,2
7066,pets_1,"SELECT T1.fname ,  T1.age FROM student AS T1 JOIN has_pet AS T2 ON T1.stuid  =  T2.stuid JOIN pets AS T3 ON T3.petid  =  T2.petid WHERE T3.pettype  =  'dog' AND T1.stuid NOT IN (SELECT T1.stuid FROM student AS T1 JOIN has_pet AS T2 ON T1.stuid  =  T2.stuid JOIN pets AS T3 ON T3.petid  =  T2.petid WHERE T3.pettype  =  'cat')",What is the first name of every student who has a dog but does not have a cat?,"['SELECT' 'T1.fname' ',' 'T1.age' 'FROM' 'student' 'AS' 'T1' 'JOIN'
 'has_pet' 'AS' 'T2' 'ON' 'T1.stuid' '=' 'T2.stuid' 'JOIN' 'pets' 'AS'
 'T3' 'ON' 'T3.petid' '=' 'T2.petid' 'WHERE' 'T3.pettype' '=' ""'dog"" ""'""
 'AND' 'T1.stuid' 'NOT' 'IN' '(' 'SELECT' 'T1.stuid' 'FROM' 'student' 'AS'
 'T1' 'JOIN' 'has_pet' 'AS' 'T2' 'ON' 'T1.stuid' '=' 'T2.stuid' 'JOIN'
 'pets' 'AS' 'T3' 'ON' 'T3.petid' '=' 'T2.petid' 'WHERE' 'T3.pettype' '='
 ""'cat"" ""'"" ')']","['select' 't1' '.' 'fname' ',' 't1' '.' 'age' 'from' 'student' 'as' 't1'
 'join' 'has_pet' 'as' 't2' 'on' 't1' '.' 'stuid' '=' 't2' '.' 'stuid'
 'join' 'pets' 'as' 't3' 'on' 't3' '.' 'petid' '=' 't2' '.' 'petid'
 'where' 't3' '.' 'pettype' '=' 'value' 'and' 't1' '.' 'stuid' 'not' 'in'
 '(' 'select' 't1' '.' 'stuid' 'from' 'student' 'as' 't1' 'join' 'has_pet'
 'as' 't2' 'on' 't1' '.' 'stuid' '=' 't2' '.' 'stuid' 'join' 'pets' 'as'
 't3' 'on' 't3' '.' 'petid' '=' 't2' '.' 'petid' 'where' 't3' '.'
 'pettype' '=' 'value' ')']","['What' 'is' 'the' 'first' 'name' 'of' 'every' 'student' 'who' 'has' 'a'
 'dog' 'but' 'does' 'not' 'have' 'a' 'cat' '?']",0,0,0,4,2
7129,car_1,SELECT T1.CountryName FROM COUNTRIES AS T1 JOIN CONTINENTS AS T2 ON T1.Continent  =  T2.ContId JOIN CAR_MAKERS AS T3 ON T1.CountryId  =  T3.Country WHERE T2.Continent  =  'europe' GROUP BY T1.CountryName HAVING count(*)  >=  3;,Which countries in europe have at least 3 car manufacturers?,"['SELECT' 'T1.CountryName' 'FROM' 'COUNTRIES' 'AS' 'T1' 'JOIN'
 'CONTINENTS' 'AS' 'T2' 'ON' 'T1.Continent' '=' 'T2.ContId' 'JOIN'
 'CAR_MAKERS' 'AS' 'T3' 'ON' 'T1.CountryId' '=' 'T3.Country' 'WHERE'
 'T2.Continent' '=' ""'europe"" ""'"" 'GROUP' 'BY' 'T1.CountryName' 'HAVING'
 'count' '(' '*' ')' '>' '=' '3' ';']","['select' 't1' '.' 'countryname' 'from' 'countries' 'as' 't1' 'join'
 'continents' 'as' 't2' 'on' 't1' '.' 'continent' '=' 't2' '.' 'contid'
 'join' 'car_makers' 'as' 't3' 'on' 't1' '.' 'countryid' '=' 't3' '.'
 'country' 'where' 't2' '.' 'continent' '=' 'value' 'group' 'by' 't1' '.'
 'countryname' 'having' 'count' '(' '*' ')' '>' '=' 'value']","['Which' 'countries' 'in' 'europe' 'have' 'at' 'least' '3' 'car'
 'manufacturers' '?']",1,0,1,2,1
7130,car_1,SELECT T1.CountryName FROM COUNTRIES AS T1 JOIN CONTINENTS AS T2 ON T1.Continent  =  T2.ContId JOIN CAR_MAKERS AS T3 ON T1.CountryId  =  T3.Country WHERE T2.Continent  =  'europe' GROUP BY T1.CountryName HAVING count(*)  >=  3;,What are the names of all European countries with at least 3 manufacturers?,"['SELECT' 'T1.CountryName' 'FROM' 'COUNTRIES' 'AS' 'T1' 'JOIN'
 'CONTINENTS' 'AS' 'T2' 'ON' 'T1.Continent' '=' 'T2.ContId' 'JOIN'
 'CAR_MAKERS' 'AS' 'T3' 'ON' 'T1.CountryId' '=' 'T3.Country' 'WHERE'
 'T2.Continent' '=' ""'europe"" ""'"" 'GROUP' 'BY' 'T1.CountryName' 'HAVING'
 'count' '(' '*' ')' '>' '=' '3' ';']","['select' 't1' '.' 'countryname' 'from' 'countries' 'as' 't1' 'join'
 'continents' 'as' 't2' 'on' 't1' '.' 'continent' '=' 't2' '.' 'contid'
 'join' 'car_makers' 'as' 't3' 'on' 't1' '.' 'countryid' '=' 't3' '.'
 'country' 'where' 't2' '.' 'continent' '=' 'value' 'group' 'by' 't1' '.'
 'countryname' 'having' 'count' '(' '*' ')' '>' '=' 'value']","['What' 'are' 'the' 'names' 'of' 'all' 'European' 'countries' 'with' 'at'
 'least' '3' 'manufacturers' '?']",1,0,1,2,1
7171,car_1,SELECT DISTINCT T1.model FROM MODEL_LIST AS T1 JOIN CAR_NAMES AS T2 ON T1.Model  =  T2.Model JOIN CARS_DATA AS T3 ON T2.MakeId  =  T3.Id JOIN CAR_MAKERS AS T4 ON T1.Maker  =  T4.Id WHERE T3.weight  <  3500 AND T4.FullName != 'Ford Motor Company';,Which models are lighter than 3500 but not built by the 'Ford Motor Company'?,"['SELECT' 'DISTINCT' 'T1.model' 'FROM' 'MODEL_LIST' 'AS' 'T1' 'JOIN'
 'CAR_NAMES' 'AS' 'T2' 'ON' 'T1.Model' '=' 'T2.Model' 'JOIN' 'CARS_DATA'
 'AS' 'T3' 'ON' 'T2.MakeId' '=' 'T3.Id' 'JOIN' 'CAR_MAKERS' 'AS' 'T4' 'ON'
 'T1.Maker' '=' 'T4.Id' 'WHERE' 'T3.weight' '<' '3500' 'AND' 'T4.FullName'
 '!' '=' ""'Ford"" 'Motor' 'Company' ""'"" ';']","['select' 'distinct' 't1' '.' 'model' 'from' 'model_list' 'as' 't1' 'join'
 'car_names' 'as' 't2' 'on' 't1' '.' 'model' '=' 't2' '.' 'model' 'join'
 'cars_data' 'as' 't3' 'on' 't2' '.' 'makeid' '=' 't3' '.' 'id' 'join'
 'car_makers' 'as' 't4' 'on' 't1' '.' 'maker' '=' 't4' '.' 'id' 'where'
 't3' '.' 'weight' '<' 'value' 'and' 't4' '.' 'fullname' '!' '=' 'value']","['Which' 'models' 'are' 'lighter' 'than' '3500' 'but' 'not' 'built' 'by'
 'the' ""'Ford"" 'Motor' 'Company' ""'"" '?']",0,0,0,3,1
7175,car_1,"select t1.id ,  t1.maker from car_makers as t1 join model_list as t2 on t1.id  =  t2.maker group by t1.id having count(*)  >=  2 intersect select t1.id ,  t1.maker from car_makers as t1 join model_list as t2 on t1.id  =  t2.maker join car_names as t3 on t2.model  =  t3.model group by t1.id having count(*)  >  3;",Which are the car makers which produce at least 2 models and more than 3 car makers ? List the id and the maker .,"['select' 't1.id' ',' 't1.maker' 'from' 'car_makers' 'as' 't1' 'join'
 'model_list' 'as' 't2' 'on' 't1.id' '=' 't2.maker' 'group' 'by' 't1.id'
 'having' 'count' '(' '*' ')' '>=' '2' 'intersect' 'select' 't1.id' ','
 't1.maker' 'from' 'car_makers' 'as' 't1' 'join' 'model_list' 'as' 't2'
 'on' 't1.id' '=' 't2.maker' 'join' 'car_names' 'as' 't3' 'on' 't2.model'
 '=' 't3.model' 'group' 'by' 't1.id' 'having' 'count' '(' '*' ')' '>' '3'
 ';']","['select' 't1' '.' 'id' ',' 't1' '.' 'maker' 'from' 'car_makers' 'as' 't1'
 'join' 'model_list' 'as' 't2' 'on' 't1' '.' 'id' '=' 't2' '.' 'maker'
 'group' 'by' 't1' '.' 'id' 'having' 'count' '(' '*' ')' '>' '=' 'value'
 'intersect' 'select' 't1' '.' 'id' ',' 't1' '.' 'maker' 'from'
 'car_makers' 'as' 't1' 'join' 'model_list' 'as' 't2' 'on' 't1' '.' 'id'
 '=' 't2' '.' 'maker' 'join' 'car_names' 'as' 't3' 'on' 't2' '.' 'model'
 '=' 't3' '.' 'model' 'group' 'by' 't1' '.' 'id' 'having' 'count' '(' '*'
 ')' '>' 'value']","['Which' 'are' 'the' 'car' 'makers' 'which' 'produce' 'at' 'least' '2'
 'models' 'and' 'more' 'than' '3' 'car' 'makers' '?' 'List' 'the' 'id'
 'and' 'the' 'maker' '.']",2,0,2,3,2
7176,car_1,"SELECT T1.Id ,  T1.Maker FROM CAR_MAKERS AS T1 JOIN MODEL_LIST AS T2 ON T1.Id  =  T2.Maker GROUP BY T1.Id HAVING count(*)  >=  2 INTERSECT SELECT T1.Id ,  T1.Maker FROM CAR_MAKERS AS T1 JOIN MODEL_LIST AS T2 ON T1.Id  =  T2.Maker JOIN CAR_NAMES AS T3 ON T2.model  =  T3.model GROUP BY T1.Id HAVING count(*)  >  3;",What are the ids and makers of all car makers that produce at least 2 models and make more than 3 cars?,"['SELECT' 'T1.Id' ',' 'T1.Maker' 'FROM' 'CAR_MAKERS' 'AS' 'T1' 'JOIN'
 'MODEL_LIST' 'AS' 'T2' 'ON' 'T1.Id' '=' 'T2.Maker' 'GROUP' 'BY' 'T1.Id'
 'HAVING' 'count' '(' '*' ')' '>' '=' '2' 'INTERSECT' 'SELECT' 'T1.Id' ','
 'T1.Maker' 'FROM' 'CAR_MAKERS' 'AS' 'T1' 'JOIN' 'MODEL_LIST' 'AS' 'T2'
 'ON' 'T1.Id' '=' 'T2.Maker' 'JOIN' 'CAR_NAMES' 'AS' 'T3' 'ON' 'T2.model'
 '=' 'T3.model' 'GROUP' 'BY' 'T1.Id' 'HAVING' 'count' '(' '*' ')' '>' '3'
 ';']","['select' 't1' '.' 'id' ',' 't1' '.' 'maker' 'from' 'car_makers' 'as' 't1'
 'join' 'model_list' 'as' 't2' 'on' 't1' '.' 'id' '=' 't2' '.' 'maker'
 'group' 'by' 't1' '.' 'id' 'having' 'count' '(' '*' ')' '>' '=' 'value'
 'intersect' 'select' 't1' '.' 'id' ',' 't1' '.' 'maker' 'from'
 'car_makers' 'as' 't1' 'join' 'model_list' 'as' 't2' 'on' 't1' '.' 'id'
 '=' 't2' '.' 'maker' 'join' 'car_names' 'as' 't3' 'on' 't2' '.' 'model'
 '=' 't3' '.' 'model' 'group' 'by' 't1' '.' 'id' 'having' 'count' '(' '*'
 ')' '>' 'value']","['What' 'are' 'the' 'ids' 'and' 'makers' 'of' 'all' 'car' 'makers' 'that'
 'produce' 'at' 'least' '2' 'models' 'and' 'make' 'more' 'than' '3' 'cars'
 '?']",2,0,2,3,2
7177,car_1,"SELECT T1.countryId ,  T1.CountryName FROM Countries AS T1 JOIN CAR_MAKERS AS T2 ON T1.CountryId  =  T2.Country GROUP BY T1.countryId HAVING count(*)  >  3 UNION SELECT T1.countryId ,  T1.CountryName FROM Countries AS T1 JOIN CAR_MAKERS AS T2 ON T1.CountryId  =  T2.Country JOIN MODEL_LIST AS T3 ON T2.Id  =  T3.Maker WHERE T3.Model  =  'fiat';",What are the id and names of the countries which have more than 3 car makers or produce the 'fiat' model?,"['SELECT' 'T1.countryId' ',' 'T1.CountryName' 'FROM' 'Countries' 'AS' 'T1'
 'JOIN' 'CAR_MAKERS' 'AS' 'T2' 'ON' 'T1.CountryId' '=' 'T2.Country'
 'GROUP' 'BY' 'T1.countryId' 'HAVING' 'count' '(' '*' ')' '>' '3' 'UNION'
 'SELECT' 'T1.countryId' ',' 'T1.CountryName' 'FROM' 'Countries' 'AS' 'T1'
 'JOIN' 'CAR_MAKERS' 'AS' 'T2' 'ON' 'T1.CountryId' '=' 'T2.Country' 'JOIN'
 'MODEL_LIST' 'AS' 'T3' 'ON' 'T2.Id' '=' 'T3.Maker' 'WHERE' 'T3.Model' '='
 ""'fiat"" ""'"" ';']","['select' 't1' '.' 'countryid' ',' 't1' '.' 'countryname' 'from'
 'countries' 'as' 't1' 'join' 'car_makers' 'as' 't2' 'on' 't1' '.'
 'countryid' '=' 't2' '.' 'country' 'group' 'by' 't1' '.' 'countryid'
 'having' 'count' '(' '*' ')' '>' 'value' 'union' 'select' 't1' '.'
 'countryid' ',' 't1' '.' 'countryname' 'from' 'countries' 'as' 't1'
 'join' 'car_makers' 'as' 't2' 'on' 't1' '.' 'countryid' '=' 't2' '.'
 'country' 'join' 'model_list' 'as' 't3' 'on' 't2' '.' 'id' '=' 't3' '.'
 'maker' 'where' 't3' '.' 'model' '=' 'value']","['What' 'are' 'the' 'id' 'and' 'names' 'of' 'the' 'countries' 'which'
 'have' 'more' 'than' '3' 'car' 'makers' 'or' 'produce' 'the' ""'fiat"" ""'""
 'model' '?']",1,0,1,3,2
7178,car_1,"select t1.countryid ,  t1.countryname from countries as t1 join car_makers as t2 on t1.countryid  =  t2.country group by t1.countryid having count(*)  >  3 union select t1.countryid ,  t1.countryname from countries as t1 join car_makers as t2 on t1.countryid  =  t2.country join model_list as t3 on t2.id  =  t3.maker where t3.model  =  'fiat';",What are the ids and names of all countries that either have more than 3 car makers or produce fiat model ?,"['select' 't1.countryid' ',' 't1.countryname' 'from' 'countries' 'as' 't1'
 'join' 'car_makers' 'as' 't2' 'on' 't1.countryid' '=' 't2.country'
 'group' 'by' 't1.countryid' 'having' 'count' '(' '*' ')' '>' '3' 'union'
 'select' 't1.countryid' ',' 't1.countryname' 'from' 'countries' 'as' 't1'
 'join' 'car_makers' 'as' 't2' 'on' 't1.countryid' '=' 't2.country' 'join'
 'model_list' 'as' 't3' 'on' 't2.id' '=' 't3.maker' 'where' 't3.model' '='
 '""fiat""' ';']","['select' 't1' '.' 'countryid' ',' 't1' '.' 'countryname' 'from'
 'countries' 'as' 't1' 'join' 'car_makers' 'as' 't2' 'on' 't1' '.'
 'countryid' '=' 't2' '.' 'country' 'group' 'by' 't1' '.' 'countryid'
 'having' 'count' '(' '*' ')' '>' 'value' 'union' 'select' 't1' '.'
 'countryid' ',' 't1' '.' 'countryname' 'from' 'countries' 'as' 't1'
 'join' 'car_makers' 'as' 't2' 'on' 't1' '.' 'countryid' '=' 't2' '.'
 'country' 'join' 'model_list' 'as' 't3' 'on' 't2' '.' 'id' '=' 't3' '.'
 'maker' 'where' 't3' '.' 'model' '=' 'value']","['What' 'are' 'the' 'ids' 'and' 'names' 'of' 'all' 'countries' 'that'
 'either' 'have' 'more' 'than' '3' 'car' 'makers' 'or' 'produce' 'fiat'
 'model' '?']",1,0,1,3,2
7221,flight_2,SELECT T1.City FROM AIRPORTS AS T1 JOIN FLIGHTS AS T2 ON T1.AirportCode  =  T2.DestAirport GROUP BY T1.City ORDER BY count(*) DESC LIMIT 1,Which city has most number of arriving flights?,"['SELECT' 'T1.City' 'FROM' 'AIRPORTS' 'AS' 'T1' 'JOIN' 'FLIGHTS' 'AS' 'T2'
 'ON' 'T1.AirportCode' '=' 'T2.DestAirport' 'GROUP' 'BY' 'T1.City' 'ORDER'
 'BY' 'count' '(' '*' ')' 'DESC' 'LIMIT' '1']","['select' 't1' '.' 'city' 'from' 'airports' 'as' 't1' 'join' 'flights'
 'as' 't2' 'on' 't1' '.' 'airportcode' '=' 't2' '.' 'destairport' 'group'
 'by' 't1' '.' 'city' 'order' 'by' 'count' '(' '*' ')' 'desc' 'limit'
 'value']",['Which' 'city' 'has' 'most' 'number' 'of' 'arriving' 'flights' '?'],0,1,1,1,1
7421,museum_visit,"SELECT t2.Museum_ID ,  t1.name FROM museum AS t1 JOIN visit AS t2 ON t1.Museum_ID  =  t2.Museum_ID GROUP BY t2.Museum_ID ORDER BY count(*) DESC LIMIT 1",What are the id and name of the museum visited most times?,"['SELECT' 't2.Museum_ID' ',' 't1.name' 'FROM' 'museum' 'AS' 't1' 'JOIN'
 'visit' 'AS' 't2' 'ON' 't1.Museum_ID' '=' 't2.Museum_ID' 'GROUP' 'BY'
 't2.Museum_ID' 'ORDER' 'BY' 'count' '(' '*' ')' 'DESC' 'LIMIT' '1']","['select' 't2' '.' 'museum_id' ',' 't1' '.' 'name' 'from' 'museum' 'as'
 't1' 'join' 'visit' 'as' 't2' 'on' 't1' '.' 'museum_id' '=' 't2' '.'
 'museum_id' 'group' 'by' 't2' '.' 'museum_id' 'order' 'by' 'count' '('
 '*' ')' 'desc' 'limit' 'value']","['What' 'are' 'the' 'id' 'and' 'name' 'of' 'the' 'museum' 'visited' 'most'
 'times' '?']",0,1,1,1,1
7426,museum_visit,SELECT t1.name FROM visitor AS t1 JOIN visit AS t2 ON t1.id  =  t2.visitor_id JOIN museum AS t3 ON t3.Museum_ID  =  t2.Museum_ID WHERE t3.open_year  <  2009 INTERSECT SELECT t1.name FROM visitor AS t1 JOIN visit AS t2 ON t1.id  =  t2.visitor_id JOIN museum AS t3 ON t3.Museum_ID  =  t2.Museum_ID WHERE t3.open_year  >  2011,What is the name of the visitor who visited both a museum opened before 2009 and a museum opened after 2011?,"['SELECT' 't1.name' 'FROM' 'visitor' 'AS' 't1' 'JOIN' 'visit' 'AS' 't2'
 'ON' 't1.id' '=' 't2.visitor_id' 'JOIN' 'museum' 'AS' 't3' 'ON'
 't3.Museum_ID' '=' 't2.Museum_ID' 'WHERE' 't3.open_year' '<' '2009'
 'INTERSECT' 'SELECT' 't1.name' 'FROM' 'visitor' 'AS' 't1' 'JOIN' 'visit'
 'AS' 't2' 'ON' 't1.id' '=' 't2.visitor_id' 'JOIN' 'museum' 'AS' 't3' 'ON'
 't3.Museum_ID' '=' 't2.Museum_ID' 'WHERE' 't3.open_year' '>' '2011']","['select' 't1' '.' 'name' 'from' 'visitor' 'as' 't1' 'join' 'visit' 'as'
 't2' 'on' 't1' '.' 'id' '=' 't2' '.' 'visitor_id' 'join' 'museum' 'as'
 't3' 'on' 't3' '.' 'museum_id' '=' 't2' '.' 'museum_id' 'where' 't3' '.'
 'open_year' '<' 'value' 'intersect' 'select' 't1' '.' 'name' 'from'
 'visitor' 'as' 't1' 'join' 'visit' 'as' 't2' 'on' 't1' '.' 'id' '=' 't2'
 '.' 'visitor_id' 'join' 'museum' 'as' 't3' 'on' 't3' '.' 'museum_id' '='
 't2' '.' 'museum_id' 'where' 't3' '.' 'open_year' '>' 'value']","['What' 'is' 'the' 'name' 'of' 'the' 'visitor' 'who' 'visited' 'both' 'a'
 'museum' 'opened' 'before' '2009' 'and' 'a' 'museum' 'opened' 'after'
 '2011' '?']",0,0,0,4,2
7499,battle_death,"SELECT T1.id ,  T1.name FROM battle AS T1 JOIN ship AS T2 ON T1.id  =  T2.lost_in_battle JOIN death AS T3 ON T2.id  =  T3.caused_by_ship_id GROUP BY T1.id HAVING sum(T3.killed)  >  10",What are the ids and names of the battles that led to more than 10 people killed in total.,"['SELECT' 'T1.id' ',' 'T1.name' 'FROM' 'battle' 'AS' 'T1' 'JOIN' 'ship'
 'AS' 'T2' 'ON' 'T1.id' '=' 'T2.lost_in_battle' 'JOIN' 'death' 'AS' 'T3'
 'ON' 'T2.id' '=' 'T3.caused_by_ship_id' 'GROUP' 'BY' 'T1.id' 'HAVING'
 'sum' '(' 'T3.killed' ')' '>' '10']","['select' 't1' '.' 'id' ',' 't1' '.' 'name' 'from' 'battle' 'as' 't1'
 'join' 'ship' 'as' 't2' 'on' 't1' '.' 'id' '=' 't2' '.' 'lost_in_battle'
 'join' 'death' 'as' 't3' 'on' 't2' '.' 'id' '=' 't3' '.'
 'caused_by_ship_id' 'group' 'by' 't1' '.' 'id' 'having' 'sum' '(' 't3'
 '.' 'killed' ')' '>' 'value']","['What' 'are' 'the' 'ids' 'and' 'names' 'of' 'the' 'battles' 'that' 'led'
 'to' 'more' 'than' '10' 'people' 'killed' 'in' 'total' '.']",1,0,1,2,1
7700,voter_1,SELECT T3.area_code FROM contestants AS T1 JOIN votes AS T2 ON T1.contestant_number  =  T2.contestant_number JOIN area_code_state AS T3 ON T2.state  =  T3.state WHERE T1.contestant_name  =  'Tabatha Gehling' INTERSECT SELECT T3.area_code FROM contestants AS T1 JOIN votes AS T2 ON T1.contestant_number  =  T2.contestant_number JOIN area_code_state AS T3 ON T2.state  =  T3.state WHERE T1.contestant_name  =  'Kelly Clauss',List the area codes in which voters voted both for the contestant 'Tabatha Gehling' and the contestant 'Kelly Clauss'.,"['SELECT' 'T3.area_code' 'FROM' 'contestants' 'AS' 'T1' 'JOIN' 'votes'
 'AS' 'T2' 'ON' 'T1.contestant_number' '=' 'T2.contestant_number' 'JOIN'
 'area_code_state' 'AS' 'T3' 'ON' 'T2.state' '=' 'T3.state' 'WHERE'
 'T1.contestant_name' '=' ""'Tabatha"" 'Gehling' ""'"" 'INTERSECT' 'SELECT'
 'T3.area_code' 'FROM' 'contestants' 'AS' 'T1' 'JOIN' 'votes' 'AS' 'T2'
 'ON' 'T1.contestant_number' '=' 'T2.contestant_number' 'JOIN'
 'area_code_state' 'AS' 'T3' 'ON' 'T2.state' '=' 'T3.state' 'WHERE'
 'T1.contestant_name' '=' ""'Kelly"" 'Clauss' ""'""]","['select' 't3' '.' 'area_code' 'from' 'contestants' 'as' 't1' 'join'
 'votes' 'as' 't2' 'on' 't1' '.' 'contestant_number' '=' 't2' '.'
 'contestant_number' 'join' 'area_code_state' 'as' 't3' 'on' 't2' '.'
 'state' '=' 't3' '.' 'state' 'where' 't1' '.' 'contestant_name' '='
 'value' 'intersect' 'select' 't3' '.' 'area_code' 'from' 'contestants'
 'as' 't1' 'join' 'votes' 'as' 't2' 'on' 't1' '.' 'contestant_number' '='
 't2' '.' 'contestant_number' 'join' 'area_code_state' 'as' 't3' 'on' 't2'
 '.' 'state' '=' 't3' '.' 'state' 'where' 't1' '.' 'contestant_name' '='
 'value']","['List' 'the' 'area' 'codes' 'in' 'which' 'voters' 'voted' 'both' 'for'
 'the' 'contestant' ""'Tabatha"" 'Gehling' ""'"" 'and' 'the' 'contestant'
 ""'Kelly"" 'Clauss' ""'"" '.']",0,0,0,4,2
7936,dog_kennels,"SELECT T1.owner_id ,  T1.last_name FROM Owners AS T1 JOIN Dogs AS T2 ON T1.owner_id  =  T2.owner_id JOIN Treatments AS T3 ON T2.dog_id  =  T3.dog_id GROUP BY T1.owner_id ORDER BY count(*) DESC LIMIT 1",Which owner has paid for the most treatments on his or her dogs? List the owner id and last name.,"['SELECT' 'T1.owner_id' ',' 'T1.last_name' 'FROM' 'Owners' 'AS' 'T1'
 'JOIN' 'Dogs' 'AS' 'T2' 'ON' 'T1.owner_id' '=' 'T2.owner_id' 'JOIN'
 'Treatments' 'AS' 'T3' 'ON' 'T2.dog_id' '=' 'T3.dog_id' 'GROUP' 'BY'
 'T1.owner_id' 'ORDER' 'BY' 'count' '(' '*' ')' 'DESC' 'LIMIT' '1']","['select' 't1' '.' 'owner_id' ',' 't1' '.' 'last_name' 'from' 'owners'
 'as' 't1' 'join' 'dogs' 'as' 't2' 'on' 't1' '.' 'owner_id' '=' 't2' '.'
 'owner_id' 'join' 'treatments' 'as' 't3' 'on' 't2' '.' 'dog_id' '=' 't3'
 '.' 'dog_id' 'group' 'by' 't1' '.' 'owner_id' 'order' 'by' 'count' '('
 '*' ')' 'desc' 'limit' 'value']","['Which' 'owner' 'has' 'paid' 'for' 'the' 'most' 'treatments' 'on' 'his'
 'or' 'her' 'dogs' '?' 'List' 'the' 'owner' 'id' 'and' 'last' 'name' '.']",0,1,1,2,1
7937,dog_kennels,"SELECT T1.owner_id ,  T1.last_name FROM Owners AS T1 JOIN Dogs AS T2 ON T1.owner_id  =  T2.owner_id JOIN Treatments AS T3 ON T2.dog_id  =  T3.dog_id GROUP BY T1.owner_id ORDER BY count(*) DESC LIMIT 1",Tell me the owner id and last name of the owner who spent the most on treatments of his or her dogs.,"['SELECT' 'T1.owner_id' ',' 'T1.last_name' 'FROM' 'Owners' 'AS' 'T1'
 'JOIN' 'Dogs' 'AS' 'T2' 'ON' 'T1.owner_id' '=' 'T2.owner_id' 'JOIN'
 'Treatments' 'AS' 'T3' 'ON' 'T2.dog_id' '=' 'T3.dog_id' 'GROUP' 'BY'
 'T1.owner_id' 'ORDER' 'BY' 'count' '(' '*' ')' 'DESC' 'LIMIT' '1']","['select' 't1' '.' 'owner_id' ',' 't1' '.' 'last_name' 'from' 'owners'
 'as' 't1' 'join' 'dogs' 'as' 't2' 'on' 't1' '.' 'owner_id' '=' 't2' '.'
 'owner_id' 'join' 'treatments' 'as' 't3' 'on' 't2' '.' 'dog_id' '=' 't3'
 '.' 'dog_id' 'group' 'by' 't1' '.' 'owner_id' 'order' 'by' 'count' '('
 '*' ')' 'desc' 'limit' 'value']","['Tell' 'me' 'the' 'owner' 'id' 'and' 'last' 'name' 'of' 'the' 'owner'
 'who' 'spent' 'the' 'most' 'on' 'treatments' 'of' 'his' 'or' 'her' 'dogs'
 '.']",0,1,1,2,1
7940,dog_kennels,"SELECT T1.owner_id ,  T1.zip_code FROM Owners AS T1 JOIN Dogs AS T2 ON T1.owner_id  =  T2.owner_id JOIN Treatments AS T3 ON T2.dog_id  =  T3.dog_id GROUP BY T1.owner_id ORDER BY sum(T3.cost_of_treatment) DESC LIMIT 1",Which owner has paid the largest amount of money in total for their dogs? Show the owner id and zip code.,"['SELECT' 'T1.owner_id' ',' 'T1.zip_code' 'FROM' 'Owners' 'AS' 'T1' 'JOIN'
 'Dogs' 'AS' 'T2' 'ON' 'T1.owner_id' '=' 'T2.owner_id' 'JOIN' 'Treatments'
 'AS' 'T3' 'ON' 'T2.dog_id' '=' 'T3.dog_id' 'GROUP' 'BY' 'T1.owner_id'
 'ORDER' 'BY' 'sum' '(' 'T3.cost_of_treatment' ')' 'DESC' 'LIMIT' '1']","['select' 't1' '.' 'owner_id' ',' 't1' '.' 'zip_code' 'from' 'owners' 'as'
 't1' 'join' 'dogs' 'as' 't2' 'on' 't1' '.' 'owner_id' '=' 't2' '.'
 'owner_id' 'join' 'treatments' 'as' 't3' 'on' 't2' '.' 'dog_id' '=' 't3'
 '.' 'dog_id' 'group' 'by' 't1' '.' 'owner_id' 'order' 'by' 'sum' '(' 't3'
 '.' 'cost_of_treatment' ')' 'desc' 'limit' 'value']","['Which' 'owner' 'has' 'paid' 'the' 'largest' 'amount' 'of' 'money' 'in'
 'total' 'for' 'their' 'dogs' '?' 'Show' 'the' 'owner' 'id' 'and' 'zip'
 'code' '.']",0,1,1,2,1
7941,dog_kennels,"SELECT T1.owner_id ,  T1.zip_code FROM Owners AS T1 JOIN Dogs AS T2 ON T1.owner_id  =  T2.owner_id JOIN Treatments AS T3 ON T2.dog_id  =  T3.dog_id GROUP BY T1.owner_id ORDER BY sum(T3.cost_of_treatment) DESC LIMIT 1",Find the owner id and zip code of the owner who spent the most money in total for his or her dogs.,"['SELECT' 'T1.owner_id' ',' 'T1.zip_code' 'FROM' 'Owners' 'AS' 'T1' 'JOIN'
 'Dogs' 'AS' 'T2' 'ON' 'T1.owner_id' '=' 'T2.owner_id' 'JOIN' 'Treatments'
 'AS' 'T3' 'ON' 'T2.dog_id' '=' 'T3.dog_id' 'GROUP' 'BY' 'T1.owner_id'
 'ORDER' 'BY' 'sum' '(' 'T3.cost_of_treatment' ')' 'DESC' 'LIMIT' '1']","['select' 't1' '.' 'owner_id' ',' 't1' '.' 'zip_code' 'from' 'owners' 'as'
 't1' 'join' 'dogs' 'as' 't2' 'on' 't1' '.' 'owner_id' '=' 't2' '.'
 'owner_id' 'join' 'treatments' 'as' 't3' 'on' 't2' '.' 'dog_id' '=' 't3'
 '.' 'dog_id' 'group' 'by' 't1' '.' 'owner_id' 'order' 'by' 'sum' '(' 't3'
 '.' 'cost_of_treatment' ')' 'desc' 'limit' 'value']","['Find' 'the' 'owner' 'id' 'and' 'zip' 'code' 'of' 'the' 'owner' 'who'
 'spent' 'the' 'most' 'money' 'in' 'total' 'for' 'his' 'or' 'her' 'dogs'
 '.']",0,1,1,2,1
7954,dog_kennels,"SELECT T1.name ,  T2.date_of_treatment FROM Dogs AS T1 JOIN Treatments AS T2 ON T1.dog_id  =  T2.dog_id WHERE T1.breed_code  =  ( SELECT breed_code FROM Dogs GROUP BY breed_code ORDER BY count(*) ASC LIMIT 1 )",List the names of the dogs of the rarest breed and the treatment dates of them.,"['SELECT' 'T1.name' ',' 'T2.date_of_treatment' 'FROM' 'Dogs' 'AS' 'T1'
 'JOIN' 'Treatments' 'AS' 'T2' 'ON' 'T1.dog_id' '=' 'T2.dog_id' 'WHERE'
 'T1.breed_code' '=' '(' 'SELECT' 'breed_code' 'FROM' 'Dogs' 'GROUP' 'BY'
 'breed_code' 'ORDER' 'BY' 'count' '(' '*' ')' 'ASC' 'LIMIT' '1' ')']","['select' 't1' '.' 'name' ',' 't2' '.' 'date_of_treatment' 'from' 'dogs'
 'as' 't1' 'join' 'treatments' 'as' 't2' 'on' 't1' '.' 'dog_id' '=' 't2'
 '.' 'dog_id' 'where' 't1' '.' 'breed_code' '=' '(' 'select' 'breed_code'
 'from' 'dogs' 'group' 'by' 'breed_code' 'order' 'by' 'count' '(' '*' ')'
 'asc' 'limit' 'value' ')']","['List' 'the' 'names' 'of' 'the' 'dogs' 'of' 'the' 'rarest' 'breed' 'and'
 'the' 'treatment' 'dates' 'of' 'them' '.']",0,1,1,1,2
7955,dog_kennels,"SELECT T1.name ,  T2.date_of_treatment FROM Dogs AS T1 JOIN Treatments AS T2 ON T1.dog_id  =  T2.dog_id WHERE T1.breed_code  =  ( SELECT breed_code FROM Dogs GROUP BY breed_code ORDER BY count(*) ASC LIMIT 1 )",Which dogs are of the rarest breed? Show their names and treatment dates.,"['SELECT' 'T1.name' ',' 'T2.date_of_treatment' 'FROM' 'Dogs' 'AS' 'T1'
 'JOIN' 'Treatments' 'AS' 'T2' 'ON' 'T1.dog_id' '=' 'T2.dog_id' 'WHERE'
 'T1.breed_code' '=' '(' 'SELECT' 'breed_code' 'FROM' 'Dogs' 'GROUP' 'BY'
 'breed_code' 'ORDER' 'BY' 'count' '(' '*' ')' 'ASC' 'LIMIT' '1' ')']","['select' 't1' '.' 'name' ',' 't2' '.' 'date_of_treatment' 'from' 'dogs'
 'as' 't1' 'join' 'treatments' 'as' 't2' 'on' 't1' '.' 'dog_id' '=' 't2'
 '.' 'dog_id' 'where' 't1' '.' 'breed_code' '=' '(' 'select' 'breed_code'
 'from' 'dogs' 'group' 'by' 'breed_code' 'order' 'by' 'count' '(' '*' ')'
 'asc' 'limit' 'value' ')']","['Which' 'dogs' 'are' 'of' 'the' 'rarest' 'breed' '?' 'Show' 'their'
 'names' 'and' 'treatment' 'dates' '.']",0,1,1,1,2
